file: ,POJ/95/1012.txt
results: ,"[{'id': 'POJ/24/198.txt', 'distance': 1.0000004768371582, 'entity': {}}, {'id': 'POJ/83/842.txt', 'distance': 1.0000004768371582, 'entity': {}}, {'id': 'POJ/64/805.txt', 'distance': 1.0000004768371582, 'entity': {}}, {'id': 'POJ/101/650.txt', 'distance': 1.0000004768371582, 'entity': {}}, {'id': 'POJ/39/423.txt', 'distance': 1.0000004768371582, 'entity': {}}, {'id': 'POJ/102/146.txt', 'distance': 1.0000001192092896, 'entity': {}}, {'id': 'POJ/92/1145.txt', 'distance': 1.0000001192092896, 'entity': {}}, {'id': 'POJ/92/422.txt', 'distance': 1.0000001192092896, 'entity': {}}, {'id': 'POJ/95/1012.txt', 'distance': 1.0000001192092896, 'entity': {}}, {'id': 'POJ/59/798.txt', 'distance': 1.0000001192092896, 'entity': {}}]"
 
file: ,POJ/59/1682.txt
results: ,"[{'id': 'POJ/2/842.txt', 'distance': 0.9999997019767761, 'entity': {}}, {'id': 'POJ/2/868.txt', 'distance': 0.9999997019767761, 'entity': {}}, {'id': 'POJ/71/1197.txt', 'distance': 0.9999997019767761, 'entity': {}}, {'id': 'POJ/83/4356.txt', 'distance': 0.9999997019767761, 'entity': {}}, {'id': 'POJ/41/982.txt', 'distance': 0.9999997019767761, 'entity': {}}, {'id': 'POJ/46/3064.txt', 'distance': 0.9999997019767761, 'entity': {}}, {'id': 'POJ/64/1944.txt', 'distance': 0.9999997019767761, 'entity': {}}, {'id': 'POJ/64/2932.txt', 'distance': 0.9999997019767761, 'entity': {}}, {'id': 'POJ/64/3195.txt', 'distance': 0.9999997019767761, 'entity': {}}, {'id': 'POJ/64/1326.txt', 'distance': 0.9999997019767761, 'entity': {}}]"
 
file: ,POJ/59/1040.txt
results: ,"[{'id': 'POJ/2/842.txt', 'distance': 0.9999997019767761, 'entity': {}}, {'id': 'POJ/2/868.txt', 'distance': 0.9999997019767761, 'entity': {}}, {'id': 'POJ/71/1197.txt', 'distance': 0.9999997019767761, 'entity': {}}, {'id': 'POJ/83/4356.txt', 'distance': 0.9999997019767761, 'entity': {}}, {'id': 'POJ/41/982.txt', 'distance': 0.9999997019767761, 'entity': {}}, {'id': 'POJ/46/3064.txt', 'distance': 0.9999997019767761, 'entity': {}}, {'id': 'POJ/64/1944.txt', 'distance': 0.9999997019767761, 'entity': {}}, {'id': 'POJ/64/2932.txt', 'distance': 0.9999997019767761, 'entity': {}}, {'id': 'POJ/64/3195.txt', 'distance': 0.9999997019767761, 'entity': {}}, {'id': 'POJ/64/1326.txt', 'distance': 0.9999997019767761, 'entity': {}}]"
 
file: ,POJ/59/1146.txt
results: ,"[{'id': 'POJ/64/3184.txt', 'distance': 1.0, 'entity': {}}, {'id': 'POJ/39/2024.txt', 'distance': 1.0, 'entity': {}}, {'id': 'POJ/18/933.txt', 'distance': 0.9999998807907104, 'entity': {}}, {'id': 'POJ/59/1146.txt', 'distance': 0.9999998807907104, 'entity': {}}, {'id': 'POJ/98/2966.txt', 'distance': 0.9999998807907104, 'entity': {}}, {'id': 'POJ/80/946.txt', 'distance': 0.9999998807907104, 'entity': {}}, {'id': 'POJ/18/2008.txt', 'distance': 0.9740272760391235, 'entity': {}}, {'id': 'POJ/27/2098.txt', 'distance': 0.9740272760391235, 'entity': {}}, {'id': 'POJ/32/1124.txt', 'distance': 0.9740272760391235, 'entity': {}}, {'id': 'POJ/69/931.txt', 'distance': 0.9740272760391235, 'entity': {}}]"
 
file: ,POJ/59/798.txt
results: ,"[{'id': 'POJ/24/198.txt', 'distance': 1.0000004768371582, 'entity': {}}, {'id': 'POJ/83/842.txt', 'distance': 1.0000004768371582, 'entity': {}}, {'id': 'POJ/64/805.txt', 'distance': 1.0000004768371582, 'entity': {}}, {'id': 'POJ/101/650.txt', 'distance': 1.0000004768371582, 'entity': {}}, {'id': 'POJ/39/423.txt', 'distance': 1.0000004768371582, 'entity': {}}, {'id': 'POJ/102/146.txt', 'distance': 1.0000001192092896, 'entity': {}}, {'id': 'POJ/92/1145.txt', 'distance': 1.0000001192092896, 'entity': {}}, {'id': 'POJ/92/422.txt', 'distance': 1.0000001192092896, 'entity': {}}, {'id': 'POJ/95/1012.txt', 'distance': 1.0000001192092896, 'entity': {}}, {'id': 'POJ/59/798.txt', 'distance': 1.0000001192092896, 'entity': {}}]"
 
file: ,POJ/59/1956.txt
results: ,"[{'id': 'POJ/48/1424.txt', 'distance': 0.6676263809204102, 'entity': {}}, {'id': 'POJ/64/2370.txt', 'distance': 0.6593635082244873, 'entity': {}}, {'id': 'POJ/48/802.txt', 'distance': 0.655383825302124, 'entity': {}}, {'id': 'POJ/48/194.txt', 'distance': 0.6546259522438049, 'entity': {}}, {'id': 'POJ/81/1397.txt', 'distance': 0.6331987380981445, 'entity': {}}, {'id': 'POJ/72/3022.txt', 'distance': 0.6317111849784851, 'entity': {}}, {'id': 'POJ/72/1438.txt', 'distance': 0.6284135580062866, 'entity': {}}, {'id': 'POJ/81/1396.txt', 'distance': 0.6271659731864929, 'entity': {}}, {'id': 'POJ/81/453.txt', 'distance': 0.6260384321212769, 'entity': {}}, {'id': 'POJ/48/993.txt', 'distance': 0.6170783042907715, 'entity': {}}]"
 
file: ,POJ/59/635.txt
results: ,"[{'id': 'POJ/48/149.txt', 'distance': 1.000000238418579, 'entity': {}}, {'id': 'POJ/48/1057.txt', 'distance': 1.000000238418579, 'entity': {}}, {'id': 'POJ/18/956.txt', 'distance': 0.9999998807907104, 'entity': {}}, {'id': 'POJ/59/635.txt', 'distance': 0.9999998807907104, 'entity': {}}, {'id': 'POJ/42/193.txt', 'distance': 0.983955979347229, 'entity': {}}, {'id': 'POJ/96/803.txt', 'distance': 0.983955979347229, 'entity': {}}, {'id': 'POJ/19/2385.txt', 'distance': 0.983955979347229, 'entity': {}}, {'id': 'POJ/83/1027.txt', 'distance': 0.9839556217193604, 'entity': {}}, {'id': 'POJ/41/1204.txt', 'distance': 0.9839556217193604, 'entity': {}}, {'id': 'POJ/92/1411.txt', 'distance': 0.9774169921875, 'entity': {}}]"
 
file: ,POJ/59/735.txt
results: ,"[{'id': 'POJ/71/2170.txt', 'distance': 1.0000007152557373, 'entity': {}}, {'id': 'POJ/64/1228.txt', 'distance': 1.0000007152557373, 'entity': {}}, {'id': 'POJ/97/833.txt', 'distance': 1.0000007152557373, 'entity': {}}, {'id': 'POJ/2/389.txt', 'distance': 1.0000005960464478, 'entity': {}}, {'id': 'POJ/59/735.txt', 'distance': 1.0000003576278687, 'entity': {}}, {'id': 'POJ/27/407.txt', 'distance': 0.9803169965744019, 'entity': {}}, {'id': 'POJ/72/2084.txt', 'distance': 0.9803169965744019, 'entity': {}}, {'id': 'POJ/96/677.txt', 'distance': 0.9803169965744019, 'entity': {}}, {'id': 'POJ/48/1108.txt', 'distance': 0.9803168177604675, 'entity': {}}, {'id': 'POJ/95/912.txt', 'distance': 0.9643933773040771, 'entity': {}}]"
 
file: ,POJ/92/671.txt
results: ,"[{'id': 'POJ/19/1027.txt', 'distance': 0.9999997019767761, 'entity': {}}, {'id': 'POJ/69/1009.txt', 'distance': 0.9999997019767761, 'entity': {}}, {'id': 'POJ/18/434.txt', 'distance': 0.9999997019767761, 'entity': {}}, {'id': 'POJ/69/1144.txt', 'distance': 0.9999997019767761, 'entity': {}}, {'id': 'POJ/18/1882.txt', 'distance': 0.9999997019767761, 'entity': {}}, {'id': 'POJ/18/1459.txt', 'distance': 0.9999997019767761, 'entity': {}}, {'id': 'POJ/18/1295.txt', 'distance': 0.9999997019767761, 'entity': {}}, {'id': 'POJ/51/1002.txt', 'distance': 0.9999997019767761, 'entity': {}}, {'id': 'POJ/18/1449.txt', 'distance': 0.9999997019767761, 'entity': {}}, {'id': 'POJ/72/2265.txt', 'distance': 0.9999997019767761, 'entity': {}}]"
 
file: ,POJ/92/1434.txt
results: ,"[{'id': 'POJ/21/469.txt', 'distance': 0.7255924344062805, 'entity': {}}, {'id': 'POJ/76/1144.txt', 'distance': 0.7241856455802917, 'entity': {}}, {'id': 'POJ/92/1105.txt', 'distance': 0.7232671976089478, 'entity': {}}, {'id': 'POJ/92/1394.txt', 'distance': 0.7175160050392151, 'entity': {}}, {'id': 'POJ/21/2091.txt', 'distance': 0.7152757048606873, 'entity': {}}, {'id': 'POJ/76/890.txt', 'distance': 0.7144871354103088, 'entity': {}}, {'id': 'POJ/21/238.txt', 'distance': 0.7144113183021545, 'entity': {}}, {'id': 'POJ/21/1374.txt', 'distance': 0.7134102582931519, 'entity': {}}, {'id': 'POJ/21/62.txt', 'distance': 0.7127823829650879, 'entity': {}}, {'id': 'POJ/76/672.txt', 'distance': 0.7118666768074036, 'entity': {}}]"
 
file: ,POJ/92/1145.txt
results: ,"[{'id': 'POJ/24/198.txt', 'distance': 1.0000004768371582, 'entity': {}}, {'id': 'POJ/83/842.txt', 'distance': 1.0000004768371582, 'entity': {}}, {'id': 'POJ/64/805.txt', 'distance': 1.0000004768371582, 'entity': {}}, {'id': 'POJ/101/650.txt', 'distance': 1.0000004768371582, 'entity': {}}, {'id': 'POJ/39/423.txt', 'distance': 1.0000004768371582, 'entity': {}}, {'id': 'POJ/102/146.txt', 'distance': 1.0000001192092896, 'entity': {}}, {'id': 'POJ/92/1145.txt', 'distance': 1.0000001192092896, 'entity': {}}, {'id': 'POJ/92/422.txt', 'distance': 1.0000001192092896, 'entity': {}}, {'id': 'POJ/95/1012.txt', 'distance': 1.0000001192092896, 'entity': {}}, {'id': 'POJ/59/798.txt', 'distance': 1.0000001192092896, 'entity': {}}]"
 
file: ,POJ/92/764.txt
results: ,"[{'id': 'POJ/2/842.txt', 'distance': 0.9999997019767761, 'entity': {}}, {'id': 'POJ/2/868.txt', 'distance': 0.9999997019767761, 'entity': {}}, {'id': 'POJ/71/1197.txt', 'distance': 0.9999997019767761, 'entity': {}}, {'id': 'POJ/83/4356.txt', 'distance': 0.9999997019767761, 'entity': {}}, {'id': 'POJ/41/982.txt', 'distance': 0.9999997019767761, 'entity': {}}, {'id': 'POJ/46/3064.txt', 'distance': 0.9999997019767761, 'entity': {}}, {'id': 'POJ/64/1944.txt', 'distance': 0.9999997019767761, 'entity': {}}, {'id': 'POJ/64/2932.txt', 'distance': 0.9999997019767761, 'entity': {}}, {'id': 'POJ/64/3195.txt', 'distance': 0.9999997019767761, 'entity': {}}, {'id': 'POJ/64/1326.txt', 'distance': 0.9999997019767761, 'entity': {}}]"
 
file: ,POJ/92/1025.txt
results: ,"[{'id': 'POJ/8/308.txt', 'distance': 0.6973922848701477, 'entity': {}}, {'id': 'POJ/8/814.txt', 'distance': 0.6916887164115906, 'entity': {}}, {'id': 'POJ/8/872.txt', 'distance': 0.6877888441085815, 'entity': {}}, {'id': 'POJ/8/663.txt', 'distance': 0.6860901713371277, 'entity': {}}, {'id': 'POJ/76/557.txt', 'distance': 0.6842222809791565, 'entity': {}}, {'id': 'POJ/8/677.txt', 'distance': 0.6825041174888611, 'entity': {}}, {'id': 'POJ/42/1552.txt', 'distance': 0.6775227189064026, 'entity': {}}, {'id': 'POJ/8/773.txt', 'distance': 0.6765668988227844, 'entity': {}}, {'id': 'POJ/76/1814.txt', 'distance': 0.669890284538269, 'entity': {}}, {'id': 'POJ/8/166.txt', 'distance': 0.6684284210205078, 'entity': {}}]"
 
file: ,POJ/92/1156.txt
results: ,"[{'id': 'POJ/2/842.txt', 'distance': 0.9999997019767761, 'entity': {}}, {'id': 'POJ/2/868.txt', 'distance': 0.9999997019767761, 'entity': {}}, {'id': 'POJ/71/1197.txt', 'distance': 0.9999997019767761, 'entity': {}}, {'id': 'POJ/83/4356.txt', 'distance': 0.9999997019767761, 'entity': {}}, {'id': 'POJ/41/982.txt', 'distance': 0.9999997019767761, 'entity': {}}, {'id': 'POJ/46/3064.txt', 'distance': 0.9999997019767761, 'entity': {}}, {'id': 'POJ/64/1944.txt', 'distance': 0.9999997019767761, 'entity': {}}, {'id': 'POJ/64/2932.txt', 'distance': 0.9999997019767761, 'entity': {}}, {'id': 'POJ/64/3195.txt', 'distance': 0.9999997019767761, 'entity': {}}, {'id': 'POJ/64/1326.txt', 'distance': 0.9999997019767761, 'entity': {}}]"
 
file: ,POJ/92/383.txt
results: ,"[{'id': 'POJ/2/842.txt', 'distance': 0.9999997019767761, 'entity': {}}, {'id': 'POJ/2/868.txt', 'distance': 0.9999997019767761, 'entity': {}}, {'id': 'POJ/71/1197.txt', 'distance': 0.9999997019767761, 'entity': {}}, {'id': 'POJ/83/4356.txt', 'distance': 0.9999997019767761, 'entity': {}}, {'id': 'POJ/41/982.txt', 'distance': 0.9999997019767761, 'entity': {}}, {'id': 'POJ/46/3064.txt', 'distance': 0.9999997019767761, 'entity': {}}, {'id': 'POJ/64/1944.txt', 'distance': 0.9999997019767761, 'entity': {}}, {'id': 'POJ/64/2932.txt', 'distance': 0.9999997019767761, 'entity': {}}, {'id': 'POJ/64/3195.txt', 'distance': 0.9999997019767761, 'entity': {}}, {'id': 'POJ/64/1326.txt', 'distance': 0.9999997019767761, 'entity': {}}]"
 
file: ,POJ/92/422.txt
results: ,"[{'id': 'POJ/24/198.txt', 'distance': 1.0000004768371582, 'entity': {}}, {'id': 'POJ/83/842.txt', 'distance': 1.0000004768371582, 'entity': {}}, {'id': 'POJ/64/805.txt', 'distance': 1.0000004768371582, 'entity': {}}, {'id': 'POJ/101/650.txt', 'distance': 1.0000004768371582, 'entity': {}}, {'id': 'POJ/39/423.txt', 'distance': 1.0000004768371582, 'entity': {}}, {'id': 'POJ/102/146.txt', 'distance': 1.0000001192092896, 'entity': {}}, {'id': 'POJ/92/1145.txt', 'distance': 1.0000001192092896, 'entity': {}}, {'id': 'POJ/92/422.txt', 'distance': 1.0000001192092896, 'entity': {}}, {'id': 'POJ/95/1012.txt', 'distance': 1.0000001192092896, 'entity': {}}, {'id': 'POJ/59/798.txt', 'distance': 1.0000001192092896, 'entity': {}}]"
 
file: ,POJ/92/807.txt
results: ,"[{'id': 'POJ/2/842.txt', 'distance': 0.9999997019767761, 'entity': {}}, {'id': 'POJ/2/868.txt', 'distance': 0.9999997019767761, 'entity': {}}, {'id': 'POJ/71/1197.txt', 'distance': 0.9999997019767761, 'entity': {}}, {'id': 'POJ/83/4356.txt', 'distance': 0.9999997019767761, 'entity': {}}, {'id': 'POJ/41/982.txt', 'distance': 0.9999997019767761, 'entity': {}}, {'id': 'POJ/46/3064.txt', 'distance': 0.9999997019767761, 'entity': {}}, {'id': 'POJ/64/1944.txt', 'distance': 0.9999997019767761, 'entity': {}}, {'id': 'POJ/64/2932.txt', 'distance': 0.9999997019767761, 'entity': {}}, {'id': 'POJ/64/3195.txt', 'distance': 0.9999997019767761, 'entity': {}}, {'id': 'POJ/64/1326.txt', 'distance': 0.9999997019767761, 'entity': {}}]"
 
file: ,POJ/92/1111.txt
results: ,"[{'id': 'POJ/2/1256.txt', 'distance': 1.0000005960464478, 'entity': {}}, {'id': 'POJ/64/1076.txt', 'distance': 1.0000005960464478, 'entity': {}}, {'id': 'POJ/64/816.txt', 'distance': 1.0000005960464478, 'entity': {}}, {'id': 'POJ/92/1111.txt', 'distance': 1.0, 'entity': {}}, {'id': 'POJ/32/2352.txt', 'distance': 1.0, 'entity': {}}, {'id': 'POJ/18/1653.txt', 'distance': 0.9881470203399658, 'entity': {}}, {'id': 'POJ/66/637.txt', 'distance': 0.9881470203399658, 'entity': {}}, {'id': 'POJ/79/1822.txt', 'distance': 0.988146960735321, 'entity': {}}, {'id': 'POJ/41/1018.txt', 'distance': 0.9741036295890808, 'entity': {}}, {'id': 'POJ/18/1009.txt', 'distance': 0.9728193879127502, 'entity': {}}]"
 
file: ,POJ/92/490.txt
results: ,"[{'id': 'POJ/19/1027.txt', 'distance': 0.9999997019767761, 'entity': {}}, {'id': 'POJ/69/1009.txt', 'distance': 0.9999997019767761, 'entity': {}}, {'id': 'POJ/18/434.txt', 'distance': 0.9999997019767761, 'entity': {}}, {'id': 'POJ/69/1144.txt', 'distance': 0.9999997019767761, 'entity': {}}, {'id': 'POJ/18/1882.txt', 'distance': 0.9999997019767761, 'entity': {}}, {'id': 'POJ/18/1459.txt', 'distance': 0.9999997019767761, 'entity': {}}, {'id': 'POJ/18/1295.txt', 'distance': 0.9999997019767761, 'entity': {}}, {'id': 'POJ/51/1002.txt', 'distance': 0.9999997019767761, 'entity': {}}, {'id': 'POJ/18/1449.txt', 'distance': 0.9999997019767761, 'entity': {}}, {'id': 'POJ/72/2265.txt', 'distance': 0.9999997019767761, 'entity': {}}]"
 
file: ,POJ/66/343.txt
results: ,"[{'id': 'POJ/2/72.txt', 'distance': 1.000000238418579, 'entity': {}}, {'id': 'POJ/66/343.txt', 'distance': 1.0000001192092896, 'entity': {}}, {'id': 'POJ/74/1353.txt', 'distance': 0.9176809787750244, 'entity': {}}, {'id': 'POJ/59/298.txt', 'distance': 0.8650181293487549, 'entity': {}}, {'id': 'POJ/101/11.txt', 'distance': 0.8336421847343445, 'entity': {}}, {'id': 'POJ/95/912.txt', 'distance': 0.8289900422096252, 'entity': {}}, {'id': 'POJ/55/218.txt', 'distance': 0.8286508917808533, 'entity': {}}, {'id': 'POJ/71/1308.txt', 'distance': 0.8244636058807373, 'entity': {}}, {'id': 'POJ/48/1108.txt', 'distance': 0.8228458166122437, 'entity': {}}, {'id': 'POJ/27/407.txt', 'distance': 0.8228455185890198, 'entity': {}}]"
 
file: ,POJ/104/517.txt
results: ,"[{'id': 'POJ/83/672.txt', 'distance': 0.6872629523277283, 'entity': {}}, {'id': 'POJ/64/3452.txt', 'distance': 0.6656287312507629, 'entity': {}}, {'id': 'POJ/83/3680.txt', 'distance': 0.5868698954582214, 'entity': {}}, {'id': 'POJ/78/371.txt', 'distance': 0.5797132253646851, 'entity': {}}, {'id': 'POJ/83/1606.txt', 'distance': 0.5736373662948608, 'entity': {}}, {'id': 'POJ/104/1507.txt', 'distance': 0.5715201497077942, 'entity': {}}, {'id': 'POJ/64/666.txt', 'distance': 0.5692421793937683, 'entity': {}}, {'id': 'POJ/14/717.txt', 'distance': 0.5642825365066528, 'entity': {}}, {'id': 'POJ/83/5669.txt', 'distance': 0.5637010931968689, 'entity': {}}, {'id': 'POJ/64/1120.txt', 'distance': 0.5636136531829834, 'entity': {}}]"
 
file: ,POJ/104/607.txt
results: ,"[{'id': 'POJ/19/1027.txt', 'distance': 0.9999997019767761, 'entity': {}}, {'id': 'POJ/69/1009.txt', 'distance': 0.9999997019767761, 'entity': {}}, {'id': 'POJ/18/434.txt', 'distance': 0.9999997019767761, 'entity': {}}, {'id': 'POJ/69/1144.txt', 'distance': 0.9999997019767761, 'entity': {}}, {'id': 'POJ/18/1882.txt', 'distance': 0.9999997019767761, 'entity': {}}, {'id': 'POJ/18/1459.txt', 'distance': 0.9999997019767761, 'entity': {}}, {'id': 'POJ/18/1295.txt', 'distance': 0.9999997019767761, 'entity': {}}, {'id': 'POJ/51/1002.txt', 'distance': 0.9999997019767761, 'entity': {}}, {'id': 'POJ/18/1449.txt', 'distance': 0.9999997019767761, 'entity': {}}, {'id': 'POJ/72/2265.txt', 'distance': 0.9999997019767761, 'entity': {}}]"
 
file: ,POJ/104/961.txt
results: ,"[{'id': 'POJ/8/102.txt', 'distance': 0.7348048686981201, 'entity': {}}, {'id': 'POJ/8/1413.txt', 'distance': 0.7276133894920349, 'entity': {}}, {'id': 'POJ/8/318.txt', 'distance': 0.724831223487854, 'entity': {}}, {'id': 'POJ/10/2284.txt', 'distance': 0.723974883556366, 'entity': {}}, {'id': 'POJ/8/475.txt', 'distance': 0.7237746119499207, 'entity': {}}, {'id': 'POJ/8/1230.txt', 'distance': 0.723723292350769, 'entity': {}}, {'id': 'POJ/76/1814.txt', 'distance': 0.7204667329788208, 'entity': {}}, {'id': 'POJ/8/640.txt', 'distance': 0.7193020582199097, 'entity': {}}, {'id': 'POJ/76/28.txt', 'distance': 0.7176099419593811, 'entity': {}}, {'id': 'POJ/8/1202.txt', 'distance': 0.7141328454017639, 'entity': {}}]"
 
file: ,POJ/50/292.txt
results: ,"[{'id': 'POJ/93/1119.txt', 'distance': 0.7648552060127258, 'entity': {}}, {'id': 'POJ/93/2226.txt', 'distance': 0.7639093399047852, 'entity': {}}, {'id': 'POJ/93/293.txt', 'distance': 0.7569056749343872, 'entity': {}}, {'id': 'POJ/93/1773.txt', 'distance': 0.745474100112915, 'entity': {}}, {'id': 'POJ/93/2065.txt', 'distance': 0.7433872818946838, 'entity': {}}, {'id': 'POJ/93/139.txt', 'distance': 0.7411695718765259, 'entity': {}}, {'id': 'POJ/93/2290.txt', 'distance': 0.7402879595756531, 'entity': {}}, {'id': 'POJ/93/113.txt', 'distance': 0.7401919364929199, 'entity': {}}, {'id': 'POJ/93/858.txt', 'distance': 0.7396827340126038, 'entity': {}}, {'id': 'POJ/93/227.txt', 'distance': 0.7373389005661011, 'entity': {}}]"
 
file: ,POJ/50/1471.txt
results: ,"[{'id': 'POJ/10/622.txt', 'distance': 0.7837579846382141, 'entity': {}}, {'id': 'POJ/71/200.txt', 'distance': 0.7444518804550171, 'entity': {}}, {'id': 'POJ/2/81.txt', 'distance': 0.7433333396911621, 'entity': {}}, {'id': 'POJ/10/952.txt', 'distance': 0.7397502064704895, 'entity': {}}, {'id': 'POJ/73/1004.txt', 'distance': 0.7382574081420898, 'entity': {}}, {'id': 'POJ/10/345.txt', 'distance': 0.7369058132171631, 'entity': {}}, {'id': 'POJ/10/2139.txt', 'distance': 0.7346816658973694, 'entity': {}}, {'id': 'POJ/10/2253.txt', 'distance': 0.7342758178710938, 'entity': {}}, {'id': 'POJ/71/946.txt', 'distance': 0.7325693964958191, 'entity': {}}, {'id': 'POJ/10/842.txt', 'distance': 0.7320214509963989, 'entity': {}}]"
 
file: ,POJ/57/2139.txt
results: ,"[{'id': 'POJ/77/592.txt', 'distance': 0.8418813943862915, 'entity': {}}, {'id': 'POJ/77/622.txt', 'distance': 0.808657169342041, 'entity': {}}, {'id': 'POJ/49/1276.txt', 'distance': 0.800752580165863, 'entity': {}}, {'id': 'POJ/49/416.txt', 'distance': 0.7978646159172058, 'entity': {}}, {'id': 'POJ/49/890.txt', 'distance': 0.7925397157669067, 'entity': {}}, {'id': 'POJ/49/434.txt', 'distance': 0.7843447327613831, 'entity': {}}, {'id': 'POJ/49/516.txt', 'distance': 0.7831511497497559, 'entity': {}}, {'id': 'POJ/7/145.txt', 'distance': 0.7733224034309387, 'entity': {}}, {'id': 'POJ/77/1334.txt', 'distance': 0.7731984853744507, 'entity': {}}, {'id': 'POJ/49/1110.txt', 'distance': 0.7712173461914062, 'entity': {}}]"
 
file: ,POJ/32/1174.txt
results: ,"[{'id': 'POJ/32/1381.txt', 'distance': 0.7459198832511902, 'entity': {}}, {'id': 'POJ/32/2467.txt', 'distance': 0.7386111617088318, 'entity': {}}, {'id': 'POJ/32/2201.txt', 'distance': 0.7346041202545166, 'entity': {}}, {'id': 'POJ/32/2114.txt', 'distance': 0.7326503992080688, 'entity': {}}, {'id': 'POJ/32/2477.txt', 'distance': 0.732413113117218, 'entity': {}}, {'id': 'POJ/32/938.txt', 'distance': 0.7312043309211731, 'entity': {}}, {'id': 'POJ/32/2132.txt', 'distance': 0.7284075021743774, 'entity': {}}, {'id': 'POJ/32/1279.txt', 'distance': 0.726287841796875, 'entity': {}}, {'id': 'POJ/32/2442.txt', 'distance': 0.7249526977539062, 'entity': {}}, {'id': 'POJ/32/544.txt', 'distance': 0.7234252095222473, 'entity': {}}]"
 
file: ,POJ/32/2352.txt
results: ,"[{'id': 'POJ/2/1256.txt', 'distance': 1.0000005960464478, 'entity': {}}, {'id': 'POJ/64/1076.txt', 'distance': 1.0000005960464478, 'entity': {}}, {'id': 'POJ/64/816.txt', 'distance': 1.0000005960464478, 'entity': {}}, {'id': 'POJ/92/1111.txt', 'distance': 1.0, 'entity': {}}, {'id': 'POJ/32/2352.txt', 'distance': 1.0, 'entity': {}}, {'id': 'POJ/18/1653.txt', 'distance': 0.9881470203399658, 'entity': {}}, {'id': 'POJ/66/637.txt', 'distance': 0.9881470203399658, 'entity': {}}, {'id': 'POJ/79/1822.txt', 'distance': 0.988146960735321, 'entity': {}}, {'id': 'POJ/41/1018.txt', 'distance': 0.9741036295890808, 'entity': {}}, {'id': 'POJ/18/1009.txt', 'distance': 0.9728193879127502, 'entity': {}}]"
 
file: ,POJ/35/899.txt
results: ,"[{'id': 'POJ/35/1901.txt', 'distance': 0.8403793573379517, 'entity': {}}, {'id': 'POJ/35/115.txt', 'distance': 0.8297637701034546, 'entity': {}}, {'id': 'POJ/35/739.txt', 'distance': 0.8252336978912354, 'entity': {}}, {'id': 'POJ/35/182.txt', 'distance': 0.8145512342453003, 'entity': {}}, {'id': 'POJ/35/310.txt', 'distance': 0.8145245909690857, 'entity': {}}, {'id': 'POJ/35/437.txt', 'distance': 0.8134278059005737, 'entity': {}}, {'id': 'POJ/35/1378.txt', 'distance': 0.8124416470527649, 'entity': {}}, {'id': 'POJ/35/905.txt', 'distance': 0.8115463852882385, 'entity': {}}, {'id': 'POJ/73/2224.txt', 'distance': 0.8113261461257935, 'entity': {}}, {'id': 'POJ/35/1144.txt', 'distance': 0.8108775615692139, 'entity': {}}]"
 
file: ,POJ/102/378.txt
results: ,"[{'id': 'POJ/48/1707.txt', 'distance': 0.9753720760345459, 'entity': {}}, {'id': 'POJ/55/876.txt', 'distance': 0.7141608595848083, 'entity': {}}, {'id': 'POJ/85/77.txt', 'distance': 0.6506174802780151, 'entity': {}}, {'id': 'POJ/64/2725.txt', 'distance': 0.6325819492340088, 'entity': {}}, {'id': 'POJ/55/86.txt', 'distance': 0.6305981874465942, 'entity': {}}, {'id': 'POJ/48/1280.txt', 'distance': 0.6217100620269775, 'entity': {}}, {'id': 'POJ/55/36.txt', 'distance': 0.620175838470459, 'entity': {}}, {'id': 'POJ/78/1049.txt', 'distance': 0.5972126126289368, 'entity': {}}, {'id': 'POJ/39/1426.txt', 'distance': 0.5967214107513428, 'entity': {}}, {'id': 'POJ/78/1682.txt', 'distance': 0.5837143659591675, 'entity': {}}]"
 
file: ,POJ/102/146.txt
results: ,"[{'id': 'POJ/24/198.txt', 'distance': 1.0000004768371582, 'entity': {}}, {'id': 'POJ/83/842.txt', 'distance': 1.0000004768371582, 'entity': {}}, {'id': 'POJ/64/805.txt', 'distance': 1.0000004768371582, 'entity': {}}, {'id': 'POJ/101/650.txt', 'distance': 1.0000004768371582, 'entity': {}}, {'id': 'POJ/39/423.txt', 'distance': 1.0000004768371582, 'entity': {}}, {'id': 'POJ/102/146.txt', 'distance': 1.0000001192092896, 'entity': {}}, {'id': 'POJ/92/1145.txt', 'distance': 1.0000001192092896, 'entity': {}}, {'id': 'POJ/92/422.txt', 'distance': 1.0000001192092896, 'entity': {}}, {'id': 'POJ/95/1012.txt', 'distance': 1.0000001192092896, 'entity': {}}, {'id': 'POJ/59/798.txt', 'distance': 1.0000001192092896, 'entity': {}}]"
 
file: ,POJ/69/1057.txt
results: ,"[{'id': 'POJ/14/846.txt', 'distance': 0.6183938384056091, 'entity': {}}, {'id': 'POJ/79/5336.txt', 'distance': 0.5775224566459656, 'entity': {}}, {'id': 'POJ/14/1089.txt', 'distance': 0.5739454030990601, 'entity': {}}, {'id': 'POJ/13/1566.txt', 'distance': 0.5702685117721558, 'entity': {}}, {'id': 'POJ/14/1128.txt', 'distance': 0.5700161457061768, 'entity': {}}, {'id': 'POJ/52/1345.txt', 'distance': 0.5698293447494507, 'entity': {}}, {'id': 'POJ/2/1234.txt', 'distance': 0.5666098594665527, 'entity': {}}, {'id': 'POJ/14/823.txt', 'distance': 0.5657981038093567, 'entity': {}}, {'id': 'POJ/14/1133.txt', 'distance': 0.5623936653137207, 'entity': {}}, {'id': 'POJ/14/26.txt', 'distance': 0.5500922203063965, 'entity': {}}]"
 
file: ,POJ/69/642.txt
results: ,"[{'id': 'POJ/2/842.txt', 'distance': 0.9999997019767761, 'entity': {}}, {'id': 'POJ/2/868.txt', 'distance': 0.9999997019767761, 'entity': {}}, {'id': 'POJ/71/1197.txt', 'distance': 0.9999997019767761, 'entity': {}}, {'id': 'POJ/83/4356.txt', 'distance': 0.9999997019767761, 'entity': {}}, {'id': 'POJ/41/982.txt', 'distance': 0.9999997019767761, 'entity': {}}, {'id': 'POJ/46/3064.txt', 'distance': 0.9999997019767761, 'entity': {}}, {'id': 'POJ/64/1944.txt', 'distance': 0.9999997019767761, 'entity': {}}, {'id': 'POJ/64/2932.txt', 'distance': 0.9999997019767761, 'entity': {}}, {'id': 'POJ/64/3195.txt', 'distance': 0.9999997019767761, 'entity': {}}, {'id': 'POJ/64/1326.txt', 'distance': 0.9999997019767761, 'entity': {}}]"
 
file: ,POJ/51/678.txt
results: ,"[{'id': 'POJ/2/842.txt', 'distance': 0.9999997019767761, 'entity': {}}, {'id': 'POJ/2/868.txt', 'distance': 0.9999997019767761, 'entity': {}}, {'id': 'POJ/71/1197.txt', 'distance': 0.9999997019767761, 'entity': {}}, {'id': 'POJ/83/4356.txt', 'distance': 0.9999997019767761, 'entity': {}}, {'id': 'POJ/41/982.txt', 'distance': 0.9999997019767761, 'entity': {}}, {'id': 'POJ/46/3064.txt', 'distance': 0.9999997019767761, 'entity': {}}, {'id': 'POJ/64/1944.txt', 'distance': 0.9999997019767761, 'entity': {}}, {'id': 'POJ/64/2932.txt', 'distance': 0.9999997019767761, 'entity': {}}, {'id': 'POJ/64/3195.txt', 'distance': 0.9999997019767761, 'entity': {}}, {'id': 'POJ/64/1326.txt', 'distance': 0.9999997019767761, 'entity': {}}]"
 
file: ,POJ/67/1.txt
results: ,"[{'id': 'POJ/67/2508.txt', 'distance': 0.7323249578475952, 'entity': {}}, {'id': 'POJ/67/911.txt', 'distance': 0.7281852960586548, 'entity': {}}, {'id': 'POJ/67/899.txt', 'distance': 0.7222861647605896, 'entity': {}}, {'id': 'POJ/67/2168.txt', 'distance': 0.7052338123321533, 'entity': {}}, {'id': 'POJ/67/40.txt', 'distance': 0.7005379796028137, 'entity': {}}, {'id': 'POJ/67/1852.txt', 'distance': 0.6983500123023987, 'entity': {}}, {'id': 'POJ/67/1748.txt', 'distance': 0.6924787163734436, 'entity': {}}, {'id': 'POJ/67/1956.txt', 'distance': 0.6918772459030151, 'entity': {}}, {'id': 'POJ/67/288.txt', 'distance': 0.690179169178009, 'entity': {}}, {'id': 'POJ/67/2478.txt', 'distance': 0.6894769072532654, 'entity': {}}]"
 
file: ,POJ/93/1220.txt
results: ,"[{'id': 'POJ/101/1096.txt', 'distance': 0.7580651044845581, 'entity': {}}, {'id': 'POJ/78/815.txt', 'distance': 0.7313551306724548, 'entity': {}}, {'id': 'POJ/101/250.txt', 'distance': 0.7295735478401184, 'entity': {}}, {'id': 'POJ/78/1162.txt', 'distance': 0.7278518080711365, 'entity': {}}, {'id': 'POJ/101/764.txt', 'distance': 0.7195241451263428, 'entity': {}}, {'id': 'POJ/41/974.txt', 'distance': 0.7183312773704529, 'entity': {}}, {'id': 'POJ/101/544.txt', 'distance': 0.7166355848312378, 'entity': {}}, {'id': 'POJ/101/714.txt', 'distance': 0.7145508527755737, 'entity': {}}, {'id': 'POJ/101/594.txt', 'distance': 0.713796079158783, 'entity': {}}, {'id': 'POJ/41/1245.txt', 'distance': 0.7135724425315857, 'entity': {}}]"
 
file: ,POJ/18/1867.txt
results: ,"[{'id': 'POJ/79/1832.txt', 'distance': 0.6738764643669128, 'entity': {}}, {'id': 'POJ/46/452.txt', 'distance': 0.6623631715774536, 'entity': {}}, {'id': 'POJ/46/1421.txt', 'distance': 0.6581751704216003, 'entity': {}}, {'id': 'POJ/52/3656.txt', 'distance': 0.657630443572998, 'entity': {}}, {'id': 'POJ/79/6140.txt', 'distance': 0.6562618017196655, 'entity': {}}, {'id': 'POJ/79/6141.txt', 'distance': 0.6546198725700378, 'entity': {}}, {'id': 'POJ/79/1757.txt', 'distance': 0.6532170176506042, 'entity': {}}, {'id': 'POJ/48/1186.txt', 'distance': 0.6341698169708252, 'entity': {}}, {'id': 'POJ/42/1176.txt', 'distance': 0.633388102054596, 'entity': {}}, {'id': 'POJ/79/1437.txt', 'distance': 0.6311317086219788, 'entity': {}}]"
 
file: ,POJ/18/933.txt
results: ,"[{'id': 'POJ/64/3184.txt', 'distance': 1.0, 'entity': {}}, {'id': 'POJ/39/2024.txt', 'distance': 1.0, 'entity': {}}, {'id': 'POJ/18/933.txt', 'distance': 0.9999998807907104, 'entity': {}}, {'id': 'POJ/59/1146.txt', 'distance': 0.9999998807907104, 'entity': {}}, {'id': 'POJ/98/2966.txt', 'distance': 0.9999998807907104, 'entity': {}}, {'id': 'POJ/80/946.txt', 'distance': 0.9999998807907104, 'entity': {}}, {'id': 'POJ/18/2008.txt', 'distance': 0.9740272760391235, 'entity': {}}, {'id': 'POJ/27/2098.txt', 'distance': 0.9740272760391235, 'entity': {}}, {'id': 'POJ/32/1124.txt', 'distance': 0.9740272760391235, 'entity': {}}, {'id': 'POJ/69/931.txt', 'distance': 0.9740272760391235, 'entity': {}}]"
 
file: ,POJ/18/956.txt
results: ,"[{'id': 'POJ/48/149.txt', 'distance': 1.000000238418579, 'entity': {}}, {'id': 'POJ/48/1057.txt', 'distance': 1.000000238418579, 'entity': {}}, {'id': 'POJ/18/956.txt', 'distance': 0.9999998807907104, 'entity': {}}, {'id': 'POJ/59/635.txt', 'distance': 0.9999998807907104, 'entity': {}}, {'id': 'POJ/42/193.txt', 'distance': 0.983955979347229, 'entity': {}}, {'id': 'POJ/96/803.txt', 'distance': 0.983955979347229, 'entity': {}}, {'id': 'POJ/19/2385.txt', 'distance': 0.983955979347229, 'entity': {}}, {'id': 'POJ/83/1027.txt', 'distance': 0.9839556217193604, 'entity': {}}, {'id': 'POJ/41/1204.txt', 'distance': 0.9839556217193604, 'entity': {}}, {'id': 'POJ/92/1411.txt', 'distance': 0.9774169921875, 'entity': {}}]"
 
file: ,POJ/18/969.txt
results: ,"[{'id': 'POJ/83/5154.txt', 'distance': 1.0000007152557373, 'entity': {}}, {'id': 'POJ/18/969.txt', 'distance': 1.0000003576278687, 'entity': {}}, {'id': 'POJ/11/14.txt', 'distance': 1.0000003576278687, 'entity': {}}, {'id': 'POJ/71/1340.txt', 'distance': 0.9508702754974365, 'entity': {}}, {'id': 'POJ/27/356.txt', 'distance': 0.9289793968200684, 'entity': {}}, {'id': 'POJ/1/400.txt', 'distance': 0.9289793968200684, 'entity': {}}, {'id': 'POJ/48/1139.txt', 'distance': 0.9122929573059082, 'entity': {}}, {'id': 'POJ/39/1572.txt', 'distance': 0.9122929573059082, 'entity': {}}, {'id': 'POJ/18/1004.txt', 'distance': 0.91229248046875, 'entity': {}}, {'id': 'POJ/59/628.txt', 'distance': 0.91229248046875, 'entity': {}}]"
 
file: ,POJ/18/1750.txt
results: ,"[{'id': 'POJ/71/766.txt', 'distance': 1.0000003576278687, 'entity': {}}, {'id': 'POJ/48/946.txt', 'distance': 1.0000003576278687, 'entity': {}}, {'id': 'POJ/18/1750.txt', 'distance': 1.000000238418579, 'entity': {}}, {'id': 'POJ/80/866.txt', 'distance': 1.000000238418579, 'entity': {}}, {'id': 'POJ/74/186.txt', 'distance': 1.000000238418579, 'entity': {}}, {'id': 'POJ/39/227.txt', 'distance': 0.9522643089294434, 'entity': {}}, {'id': 'POJ/11/994.txt', 'distance': 0.9522642493247986, 'entity': {}}, {'id': 'POJ/8/1228.txt', 'distance': 0.9522642493247986, 'entity': {}}, {'id': 'POJ/95/1012.txt', 'distance': 0.9140373468399048, 'entity': {}}, {'id': 'POJ/59/798.txt', 'distance': 0.9140373468399048, 'entity': {}}]"
 
file: ,POJ/18/953.txt
results: ,"[{'id': 'POJ/48/1584.txt', 'distance': 1.0000009536743164, 'entity': {}}, {'id': 'POJ/18/953.txt', 'distance': 1.0000003576278687, 'entity': {}}, {'id': 'POJ/41/494.txt', 'distance': 0.9580655097961426, 'entity': {}}, {'id': 'POJ/18/2108.txt', 'distance': 0.9464806318283081, 'entity': {}}, {'id': 'POJ/71/2132.txt', 'distance': 0.9337459802627563, 'entity': {}}, {'id': 'POJ/18/2151.txt', 'distance': 0.921496570110321, 'entity': {}}, {'id': 'POJ/14/178.txt', 'distance': 0.9088982343673706, 'entity': {}}, {'id': 'POJ/41/217.txt', 'distance': 0.9060639142990112, 'entity': {}}, {'id': 'POJ/102/156.txt', 'distance': 0.9037194848060608, 'entity': {}}, {'id': 'POJ/32/991.txt', 'distance': 0.890984296798706, 'entity': {}}]"
 
file: ,POJ/18/155.txt
results: ,"[{'id': 'POJ/46/2052.txt', 'distance': 0.6727181673049927, 'entity': {}}, {'id': 'POJ/49/836.txt', 'distance': 0.6643105745315552, 'entity': {}}, {'id': 'POJ/48/156.txt', 'distance': 0.6508157253265381, 'entity': {}}, {'id': 'POJ/77/1053.txt', 'distance': 0.646457314491272, 'entity': {}}, {'id': 'POJ/64/1679.txt', 'distance': 0.6424988508224487, 'entity': {}}, {'id': 'POJ/64/985.txt', 'distance': 0.6393978595733643, 'entity': {}}, {'id': 'POJ/64/413.txt', 'distance': 0.6369770765304565, 'entity': {}}, {'id': 'POJ/24/514.txt', 'distance': 0.6353205442428589, 'entity': {}}, {'id': 'POJ/24/1279.txt', 'distance': 0.6258872747421265, 'entity': {}}, {'id': 'POJ/8/1341.txt', 'distance': 0.625460147857666, 'entity': {}}]"
 
file: ,POJ/18/24.txt
results: ,"[{'id': 'POJ/19/1027.txt', 'distance': 0.9999997019767761, 'entity': {}}, {'id': 'POJ/69/1009.txt', 'distance': 0.9999997019767761, 'entity': {}}, {'id': 'POJ/18/434.txt', 'distance': 0.9999997019767761, 'entity': {}}, {'id': 'POJ/69/1144.txt', 'distance': 0.9999997019767761, 'entity': {}}, {'id': 'POJ/18/1882.txt', 'distance': 0.9999997019767761, 'entity': {}}, {'id': 'POJ/18/1459.txt', 'distance': 0.9999997019767761, 'entity': {}}, {'id': 'POJ/18/1295.txt', 'distance': 0.9999997019767761, 'entity': {}}, {'id': 'POJ/51/1002.txt', 'distance': 0.9999997019767761, 'entity': {}}, {'id': 'POJ/18/1449.txt', 'distance': 0.9999997019767761, 'entity': {}}, {'id': 'POJ/72/2265.txt', 'distance': 0.9999997019767761, 'entity': {}}]"
 
file: ,POJ/95/1012.txt
results: ,"[{'id': 'POJ/24/198.txt', 'distance': 1.0000004768371582, 'entity': {}}, {'id': 'POJ/83/842.txt', 'distance': 1.0000004768371582, 'entity': {}}, {'id': 'POJ/64/805.txt', 'distance': 1.0000004768371582, 'entity': {}}, {'id': 'POJ/101/650.txt', 'distance': 1.0000004768371582, 'entity': {}}, {'id': 'POJ/39/423.txt', 'distance': 1.0000004768371582, 'entity': {}}, {'id': 'POJ/59/798.txt', 'distance': 1.0000001192092896, 'entity': {}}, {'id': 'POJ/95/1012.txt', 'distance': 1.0000001192092896, 'entity': {}}, {'id': 'POJ/92/1145.txt', 'distance': 1.0000001192092896, 'entity': {}}, {'id': 'POJ/92/422.txt', 'distance': 1.0000001192092896, 'entity': {}}, {'id': 'POJ/102/146.txt', 'distance': 1.0000001192092896, 'entity': {}}]"
 
file: ,POJ/59/1081.txt
results: ,"[{'id': 'POJ/41/1120.txt', 'distance': 0.7441994547843933, 'entity': {}}, {'id': 'POJ/41/879.txt', 'distance': 0.7439194917678833, 'entity': {}}, {'id': 'POJ/55/782.txt', 'distance': 0.7234846353530884, 'entity': {}}, {'id': 'POJ/48/1224.txt', 'distance': 0.7174294590950012, 'entity': {}}, {'id': 'POJ/4/1680.txt', 'distance': 0.7131813168525696, 'entity': {}}, {'id': 'POJ/48/647.txt', 'distance': 0.708991289138794, 'entity': {}}, {'id': 'POJ/71/1289.txt', 'distance': 0.7089473605155945, 'entity': {}}, {'id': 'POJ/78/666.txt', 'distance': 0.7063310146331787, 'entity': {}}, {'id': 'POJ/71/1073.txt', 'distance': 0.7061375975608826, 'entity': {}}, {'id': 'POJ/39/2047.txt', 'distance': 0.6992087364196777, 'entity': {}}]"
 
file: ,POJ/59/1146.txt
results: ,"[{'id': 'POJ/64/3184.txt', 'distance': 1.0, 'entity': {}}, {'id': 'POJ/39/2024.txt', 'distance': 1.0, 'entity': {}}, {'id': 'POJ/59/1146.txt', 'distance': 0.9999998807907104, 'entity': {}}, {'id': 'POJ/80/946.txt', 'distance': 0.9999998807907104, 'entity': {}}, {'id': 'POJ/98/2966.txt', 'distance': 0.9999998807907104, 'entity': {}}, {'id': 'POJ/18/933.txt', 'distance': 0.9999998807907104, 'entity': {}}, {'id': 'POJ/32/1124.txt', 'distance': 0.9740272760391235, 'entity': {}}, {'id': 'POJ/69/931.txt', 'distance': 0.9740272760391235, 'entity': {}}, {'id': 'POJ/18/2008.txt', 'distance': 0.9740272760391235, 'entity': {}}, {'id': 'POJ/27/2098.txt', 'distance': 0.9740272760391235, 'entity': {}}]"
 
file: ,POJ/59/798.txt
results: ,"[{'id': 'POJ/24/198.txt', 'distance': 1.0000004768371582, 'entity': {}}, {'id': 'POJ/83/842.txt', 'distance': 1.0000004768371582, 'entity': {}}, {'id': 'POJ/64/805.txt', 'distance': 1.0000004768371582, 'entity': {}}, {'id': 'POJ/101/650.txt', 'distance': 1.0000004768371582, 'entity': {}}, {'id': 'POJ/39/423.txt', 'distance': 1.0000004768371582, 'entity': {}}, {'id': 'POJ/59/798.txt', 'distance': 1.0000001192092896, 'entity': {}}, {'id': 'POJ/95/1012.txt', 'distance': 1.0000001192092896, 'entity': {}}, {'id': 'POJ/92/1145.txt', 'distance': 1.0000001192092896, 'entity': {}}, {'id': 'POJ/92/422.txt', 'distance': 1.0000001192092896, 'entity': {}}, {'id': 'POJ/102/146.txt', 'distance': 1.0000001192092896, 'entity': {}}]"
 
file: ,POJ/59/1168.txt
results: ,"[{'id': 'POJ/64/407.txt', 'distance': 0.7575269341468811, 'entity': {}}, {'id': 'POJ/64/2741.txt', 'distance': 0.7464303374290466, 'entity': {}}, {'id': 'POJ/39/1718.txt', 'distance': 0.734481692314148, 'entity': {}}, {'id': 'POJ/41/730.txt', 'distance': 0.7168681025505066, 'entity': {}}, {'id': 'POJ/85/2004.txt', 'distance': 0.7152856588363647, 'entity': {}}, {'id': 'POJ/39/1426.txt', 'distance': 0.6854556202888489, 'entity': {}}, {'id': 'POJ/48/647.txt', 'distance': 0.6563339233398438, 'entity': {}}, {'id': 'POJ/64/1081.txt', 'distance': 0.655825138092041, 'entity': {}}, {'id': 'POJ/64/596.txt', 'distance': 0.6548147201538086, 'entity': {}}, {'id': 'POJ/85/2314.txt', 'distance': 0.6519088745117188, 'entity': {}}]"
 
file: ,POJ/59/1762.txt
results: ,"[{'id': 'POJ/39/2047.txt', 'distance': 0.747009813785553, 'entity': {}}, {'id': 'POJ/48/647.txt', 'distance': 0.7416199445724487, 'entity': {}}, {'id': 'POJ/78/666.txt', 'distance': 0.7395603060722351, 'entity': {}}, {'id': 'POJ/41/26.txt', 'distance': 0.7151484489440918, 'entity': {}}, {'id': 'POJ/101/537.txt', 'distance': 0.7064046859741211, 'entity': {}}, {'id': 'POJ/55/714.txt', 'distance': 0.7052687406539917, 'entity': {}}, {'id': 'POJ/78/1745.txt', 'distance': 0.6997425556182861, 'entity': {}}, {'id': 'POJ/48/956.txt', 'distance': 0.6956855654716492, 'entity': {}}, {'id': 'POJ/14/1153.txt', 'distance': 0.6953643560409546, 'entity': {}}, {'id': 'POJ/64/1295.txt', 'distance': 0.6923152208328247, 'entity': {}}]"
 
file: ,POJ/59/1563.txt
results: ,"[{'id': 'POJ/46/2298.txt', 'distance': 0.8127014636993408, 'entity': {}}, {'id': 'POJ/55/423.txt', 'distance': 0.8127014636993408, 'entity': {}}, {'id': 'POJ/48/206.txt', 'distance': 0.7942008972167969, 'entity': {}}, {'id': 'POJ/41/1081.txt', 'distance': 0.7942008972167969, 'entity': {}}, {'id': 'POJ/39/224.txt', 'distance': 0.7942008972167969, 'entity': {}}, {'id': 'POJ/64/1261.txt', 'distance': 0.7690719366073608, 'entity': {}}, {'id': 'POJ/64/718.txt', 'distance': 0.7690719366073608, 'entity': {}}, {'id': 'POJ/64/3150.txt', 'distance': 0.7690719366073608, 'entity': {}}, {'id': 'POJ/64/1147.txt', 'distance': 0.7690719366073608, 'entity': {}}, {'id': 'POJ/39/1852.txt', 'distance': 0.7690719366073608, 'entity': {}}]"
 
file: ,POJ/59/635.txt
results: ,"[{'id': 'POJ/48/149.txt', 'distance': 1.000000238418579, 'entity': {}}, {'id': 'POJ/48/1057.txt', 'distance': 1.000000238418579, 'entity': {}}, {'id': 'POJ/59/635.txt', 'distance': 0.9999998807907104, 'entity': {}}, {'id': 'POJ/18/956.txt', 'distance': 0.9999998807907104, 'entity': {}}, {'id': 'POJ/19/2385.txt', 'distance': 0.983955979347229, 'entity': {}}, {'id': 'POJ/96/803.txt', 'distance': 0.983955979347229, 'entity': {}}, {'id': 'POJ/42/193.txt', 'distance': 0.983955979347229, 'entity': {}}, {'id': 'POJ/83/1027.txt', 'distance': 0.9839556217193604, 'entity': {}}, {'id': 'POJ/41/1204.txt', 'distance': 0.9839556217193604, 'entity': {}}, {'id': 'POJ/92/1411.txt', 'distance': 0.9774169921875, 'entity': {}}]"
 
file: ,POJ/59/735.txt
results: ,"[{'id': 'POJ/2/389.txt', 'distance': 1.0000007152557373, 'entity': {}}, {'id': 'POJ/71/2170.txt', 'distance': 1.0000007152557373, 'entity': {}}, {'id': 'POJ/64/1228.txt', 'distance': 1.0000007152557373, 'entity': {}}, {'id': 'POJ/97/833.txt', 'distance': 1.0000007152557373, 'entity': {}}, {'id': 'POJ/59/735.txt', 'distance': 1.0000003576278687, 'entity': {}}, {'id': 'POJ/72/2084.txt', 'distance': 0.9803169965744019, 'entity': {}}, {'id': 'POJ/96/677.txt', 'distance': 0.9803169965744019, 'entity': {}}, {'id': 'POJ/27/407.txt', 'distance': 0.9803169965744019, 'entity': {}}, {'id': 'POJ/48/1108.txt', 'distance': 0.9803168177604675, 'entity': {}}, {'id': 'POJ/95/912.txt', 'distance': 0.9643933773040771, 'entity': {}}]"
 
file: ,POJ/92/1145.txt
results: ,"[{'id': 'POJ/24/198.txt', 'distance': 1.0000004768371582, 'entity': {}}, {'id': 'POJ/83/842.txt', 'distance': 1.0000004768371582, 'entity': {}}, {'id': 'POJ/64/805.txt', 'distance': 1.0000004768371582, 'entity': {}}, {'id': 'POJ/101/650.txt', 'distance': 1.0000004768371582, 'entity': {}}, {'id': 'POJ/39/423.txt', 'distance': 1.0000004768371582, 'entity': {}}, {'id': 'POJ/59/798.txt', 'distance': 1.0000001192092896, 'entity': {}}, {'id': 'POJ/95/1012.txt', 'distance': 1.0000001192092896, 'entity': {}}, {'id': 'POJ/92/1145.txt', 'distance': 1.0000001192092896, 'entity': {}}, {'id': 'POJ/92/422.txt', 'distance': 1.0000001192092896, 'entity': {}}, {'id': 'POJ/102/146.txt', 'distance': 1.0000001192092896, 'entity': {}}]"
 
file: ,POJ/92/764.txt
results: ,"[{'id': 'POJ/2/842.txt', 'distance': 0.9999997019767761, 'entity': {}}, {'id': 'POJ/2/868.txt', 'distance': 0.9999997019767761, 'entity': {}}, {'id': 'POJ/59/1682.txt', 'distance': 0.9999997019767761, 'entity': {}}, {'id': 'POJ/51/678.txt', 'distance': 0.9999997019767761, 'entity': {}}, {'id': 'POJ/59/1040.txt', 'distance': 0.9999997019767761, 'entity': {}}, {'id': 'POJ/71/1197.txt', 'distance': 0.9999997019767761, 'entity': {}}, {'id': 'POJ/83/4356.txt', 'distance': 0.9999997019767761, 'entity': {}}, {'id': 'POJ/41/982.txt', 'distance': 0.9999997019767761, 'entity': {}}, {'id': 'POJ/46/3064.txt', 'distance': 0.9999997019767761, 'entity': {}}, {'id': 'POJ/64/1944.txt', 'distance': 0.9999997019767761, 'entity': {}}]"
 
file: ,POJ/92/1025.txt
results: ,"[{'id': 'POJ/8/308.txt', 'distance': 0.6973922848701477, 'entity': {}}, {'id': 'POJ/8/814.txt', 'distance': 0.6916887164115906, 'entity': {}}, {'id': 'POJ/8/872.txt', 'distance': 0.6877888441085815, 'entity': {}}, {'id': 'POJ/8/663.txt', 'distance': 0.6860901713371277, 'entity': {}}, {'id': 'POJ/76/557.txt', 'distance': 0.6842222809791565, 'entity': {}}, {'id': 'POJ/8/677.txt', 'distance': 0.6825041174888611, 'entity': {}}, {'id': 'POJ/42/1552.txt', 'distance': 0.6775227189064026, 'entity': {}}, {'id': 'POJ/8/773.txt', 'distance': 0.6765668988227844, 'entity': {}}, {'id': 'POJ/76/1814.txt', 'distance': 0.669890284538269, 'entity': {}}, {'id': 'POJ/8/166.txt', 'distance': 0.6684284210205078, 'entity': {}}]"
 
file: ,POJ/92/1156.txt
results: ,"[{'id': 'POJ/2/842.txt', 'distance': 0.9999997019767761, 'entity': {}}, {'id': 'POJ/2/868.txt', 'distance': 0.9999997019767761, 'entity': {}}, {'id': 'POJ/59/1682.txt', 'distance': 0.9999997019767761, 'entity': {}}, {'id': 'POJ/51/678.txt', 'distance': 0.9999997019767761, 'entity': {}}, {'id': 'POJ/59/1040.txt', 'distance': 0.9999997019767761, 'entity': {}}, {'id': 'POJ/71/1197.txt', 'distance': 0.9999997019767761, 'entity': {}}, {'id': 'POJ/83/4356.txt', 'distance': 0.9999997019767761, 'entity': {}}, {'id': 'POJ/41/982.txt', 'distance': 0.9999997019767761, 'entity': {}}, {'id': 'POJ/46/3064.txt', 'distance': 0.9999997019767761, 'entity': {}}, {'id': 'POJ/64/1944.txt', 'distance': 0.9999997019767761, 'entity': {}}]"
 
file: ,POJ/92/383.txt
results: ,"[{'id': 'POJ/2/842.txt', 'distance': 0.9999997019767761, 'entity': {}}, {'id': 'POJ/2/868.txt', 'distance': 0.9999997019767761, 'entity': {}}, {'id': 'POJ/59/1682.txt', 'distance': 0.9999997019767761, 'entity': {}}, {'id': 'POJ/51/678.txt', 'distance': 0.9999997019767761, 'entity': {}}, {'id': 'POJ/59/1040.txt', 'distance': 0.9999997019767761, 'entity': {}}, {'id': 'POJ/71/1197.txt', 'distance': 0.9999997019767761, 'entity': {}}, {'id': 'POJ/83/4356.txt', 'distance': 0.9999997019767761, 'entity': {}}, {'id': 'POJ/41/982.txt', 'distance': 0.9999997019767761, 'entity': {}}, {'id': 'POJ/46/3064.txt', 'distance': 0.9999997019767761, 'entity': {}}, {'id': 'POJ/64/1944.txt', 'distance': 0.9999997019767761, 'entity': {}}]"
 
file: ,POJ/92/422.txt
results: ,"[{'id': 'POJ/24/198.txt', 'distance': 1.0000004768371582, 'entity': {}}, {'id': 'POJ/83/842.txt', 'distance': 1.0000004768371582, 'entity': {}}, {'id': 'POJ/64/805.txt', 'distance': 1.0000004768371582, 'entity': {}}, {'id': 'POJ/101/650.txt', 'distance': 1.0000004768371582, 'entity': {}}, {'id': 'POJ/39/423.txt', 'distance': 1.0000004768371582, 'entity': {}}, {'id': 'POJ/59/798.txt', 'distance': 1.0000001192092896, 'entity': {}}, {'id': 'POJ/95/1012.txt', 'distance': 1.0000001192092896, 'entity': {}}, {'id': 'POJ/92/1145.txt', 'distance': 1.0000001192092896, 'entity': {}}, {'id': 'POJ/92/422.txt', 'distance': 1.0000001192092896, 'entity': {}}, {'id': 'POJ/102/146.txt', 'distance': 1.0000001192092896, 'entity': {}}]"
 
file: ,POJ/92/807.txt
results: ,"[{'id': 'POJ/2/842.txt', 'distance': 0.9999997019767761, 'entity': {}}, {'id': 'POJ/2/868.txt', 'distance': 0.9999997019767761, 'entity': {}}, {'id': 'POJ/59/1682.txt', 'distance': 0.9999997019767761, 'entity': {}}, {'id': 'POJ/51/678.txt', 'distance': 0.9999997019767761, 'entity': {}}, {'id': 'POJ/59/1040.txt', 'distance': 0.9999997019767761, 'entity': {}}, {'id': 'POJ/71/1197.txt', 'distance': 0.9999997019767761, 'entity': {}}, {'id': 'POJ/83/4356.txt', 'distance': 0.9999997019767761, 'entity': {}}, {'id': 'POJ/41/982.txt', 'distance': 0.9999997019767761, 'entity': {}}, {'id': 'POJ/46/3064.txt', 'distance': 0.9999997019767761, 'entity': {}}, {'id': 'POJ/64/1944.txt', 'distance': 0.9999997019767761, 'entity': {}}]"
 
file: ,POJ/92/1111.txt
results: ,"[{'id': 'POJ/2/1256.txt', 'distance': 1.0000005960464478, 'entity': {}}, {'id': 'POJ/64/1076.txt', 'distance': 1.0000005960464478, 'entity': {}}, {'id': 'POJ/64/816.txt', 'distance': 1.0000005960464478, 'entity': {}}, {'id': 'POJ/32/2352.txt', 'distance': 1.0, 'entity': {}}, {'id': 'POJ/92/1111.txt', 'distance': 1.0, 'entity': {}}, {'id': 'POJ/18/1653.txt', 'distance': 0.9881470203399658, 'entity': {}}, {'id': 'POJ/66/637.txt', 'distance': 0.9881470203399658, 'entity': {}}, {'id': 'POJ/79/1822.txt', 'distance': 0.988146960735321, 'entity': {}}, {'id': 'POJ/41/1018.txt', 'distance': 0.9741036295890808, 'entity': {}}, {'id': 'POJ/18/1009.txt', 'distance': 0.9728193879127502, 'entity': {}}]"
 
file: ,POJ/92/709.txt
results: ,"[{'id': 'POJ/46/186.txt', 'distance': 0.6513655781745911, 'entity': {}}, {'id': 'POJ/64/1982.txt', 'distance': 0.651013195514679, 'entity': {}}, {'id': 'POJ/71/354.txt', 'distance': 0.6193295121192932, 'entity': {}}, {'id': 'POJ/15/1982.txt', 'distance': 0.6185954809188843, 'entity': {}}, {'id': 'POJ/97/2745.txt', 'distance': 0.6153689622879028, 'entity': {}}, {'id': 'POJ/79/1373.txt', 'distance': 0.607871949672699, 'entity': {}}, {'id': 'POJ/77/1216.txt', 'distance': 0.6077481508255005, 'entity': {}}, {'id': 'POJ/14/773.txt', 'distance': 0.6052375435829163, 'entity': {}}, {'id': 'POJ/97/2000.txt', 'distance': 0.6036885976791382, 'entity': {}}, {'id': 'POJ/64/2741.txt', 'distance': 0.6023464202880859, 'entity': {}}]"
 
file: ,POJ/92/247.txt
results: ,"[{'id': 'POJ/39/1240.txt', 'distance': 0.7790929675102234, 'entity': {}}, {'id': 'POJ/77/599.txt', 'distance': 0.6599094271659851, 'entity': {}}, {'id': 'POJ/2/874.txt', 'distance': 0.6532474756240845, 'entity': {}}, {'id': 'POJ/78/1737.txt', 'distance': 0.6114839911460876, 'entity': {}}, {'id': 'POJ/78/18.txt', 'distance': 0.5929045677185059, 'entity': {}}, {'id': 'POJ/78/1643.txt', 'distance': 0.553541362285614, 'entity': {}}, {'id': 'POJ/55/187.txt', 'distance': 0.5353330969810486, 'entity': {}}, {'id': 'POJ/49/129.txt', 'distance': 0.5334568023681641, 'entity': {}}, {'id': 'POJ/77/1360.txt', 'distance': 0.5304950475692749, 'entity': {}}, {'id': 'POJ/77/1127.txt', 'distance': 0.5222703814506531, 'entity': {}}]"
 
file: ,POJ/104/961.txt
results: ,"[{'id': 'POJ/8/102.txt', 'distance': 0.7348048686981201, 'entity': {}}, {'id': 'POJ/8/1413.txt', 'distance': 0.7276133894920349, 'entity': {}}, {'id': 'POJ/8/318.txt', 'distance': 0.724831223487854, 'entity': {}}, {'id': 'POJ/10/2284.txt', 'distance': 0.723974883556366, 'entity': {}}, {'id': 'POJ/8/475.txt', 'distance': 0.7237746119499207, 'entity': {}}, {'id': 'POJ/8/1230.txt', 'distance': 0.723723292350769, 'entity': {}}, {'id': 'POJ/76/1814.txt', 'distance': 0.7204667329788208, 'entity': {}}, {'id': 'POJ/8/640.txt', 'distance': 0.7193020582199097, 'entity': {}}, {'id': 'POJ/76/28.txt', 'distance': 0.7176099419593811, 'entity': {}}, {'id': 'POJ/8/1202.txt', 'distance': 0.7141328454017639, 'entity': {}}]"
 
file: ,POJ/32/1174.txt
results: ,"[{'id': 'POJ/32/1381.txt', 'distance': 0.7459198832511902, 'entity': {}}, {'id': 'POJ/32/2467.txt', 'distance': 0.7386111617088318, 'entity': {}}, {'id': 'POJ/32/2201.txt', 'distance': 0.7346041202545166, 'entity': {}}, {'id': 'POJ/32/2114.txt', 'distance': 0.7326503992080688, 'entity': {}}, {'id': 'POJ/32/2477.txt', 'distance': 0.732413113117218, 'entity': {}}, {'id': 'POJ/32/938.txt', 'distance': 0.7312043309211731, 'entity': {}}, {'id': 'POJ/32/2132.txt', 'distance': 0.7284075021743774, 'entity': {}}, {'id': 'POJ/32/1279.txt', 'distance': 0.726287841796875, 'entity': {}}, {'id': 'POJ/32/2442.txt', 'distance': 0.7249526977539062, 'entity': {}}, {'id': 'POJ/32/544.txt', 'distance': 0.7234252095222473, 'entity': {}}]"
 
file: ,POJ/32/2352.txt
results: ,"[{'id': 'POJ/2/1256.txt', 'distance': 1.0000005960464478, 'entity': {}}, {'id': 'POJ/64/1076.txt', 'distance': 1.0000005960464478, 'entity': {}}, {'id': 'POJ/64/816.txt', 'distance': 1.0000005960464478, 'entity': {}}, {'id': 'POJ/32/2352.txt', 'distance': 1.0, 'entity': {}}, {'id': 'POJ/92/1111.txt', 'distance': 1.0, 'entity': {}}, {'id': 'POJ/18/1653.txt', 'distance': 0.9881470203399658, 'entity': {}}, {'id': 'POJ/66/637.txt', 'distance': 0.9881470203399658, 'entity': {}}, {'id': 'POJ/79/1822.txt', 'distance': 0.988146960735321, 'entity': {}}, {'id': 'POJ/41/1018.txt', 'distance': 0.9741036295890808, 'entity': {}}, {'id': 'POJ/18/1009.txt', 'distance': 0.9728193879127502, 'entity': {}}]"
 
file: ,POJ/35/1127.txt
results: ,"[{'id': 'POJ/78/79.txt', 'distance': 0.7083313465118408, 'entity': {}}, {'id': 'POJ/85/2004.txt', 'distance': 0.6868956685066223, 'entity': {}}, {'id': 'POJ/71/757.txt', 'distance': 0.6766430735588074, 'entity': {}}, {'id': 'POJ/64/2741.txt', 'distance': 0.6752779483795166, 'entity': {}}, {'id': 'POJ/15/1982.txt', 'distance': 0.6641932129859924, 'entity': {}}, {'id': 'POJ/39/1070.txt', 'distance': 0.6618652939796448, 'entity': {}}, {'id': 'POJ/64/407.txt', 'distance': 0.655593752861023, 'entity': {}}, {'id': 'POJ/74/1075.txt', 'distance': 0.6530351042747498, 'entity': {}}, {'id': 'POJ/41/298.txt', 'distance': 0.6515777111053467, 'entity': {}}, {'id': 'POJ/74/1271.txt', 'distance': 0.6463199257850647, 'entity': {}}]"
 
file: ,POJ/102/146.txt
results: ,"[{'id': 'POJ/24/198.txt', 'distance': 1.0000004768371582, 'entity': {}}, {'id': 'POJ/83/842.txt', 'distance': 1.0000004768371582, 'entity': {}}, {'id': 'POJ/64/805.txt', 'distance': 1.0000004768371582, 'entity': {}}, {'id': 'POJ/101/650.txt', 'distance': 1.0000004768371582, 'entity': {}}, {'id': 'POJ/39/423.txt', 'distance': 1.0000004768371582, 'entity': {}}, {'id': 'POJ/59/798.txt', 'distance': 1.0000001192092896, 'entity': {}}, {'id': 'POJ/95/1012.txt', 'distance': 1.0000001192092896, 'entity': {}}, {'id': 'POJ/92/1145.txt', 'distance': 1.0000001192092896, 'entity': {}}, {'id': 'POJ/92/422.txt', 'distance': 1.0000001192092896, 'entity': {}}, {'id': 'POJ/102/146.txt', 'distance': 1.0000001192092896, 'entity': {}}]"
 
file: ,POJ/69/1404.txt
results: ,"[{'id': 'POJ/16/284.txt', 'distance': 0.6738707423210144, 'entity': {}}, {'id': 'POJ/48/1755.txt', 'distance': 0.6696545481681824, 'entity': {}}, {'id': 'POJ/16/428.txt', 'distance': 0.6693246364593506, 'entity': {}}, {'id': 'POJ/55/592.txt', 'distance': 0.6637317538261414, 'entity': {}}, {'id': 'POJ/16/781.txt', 'distance': 0.6586618423461914, 'entity': {}}, {'id': 'POJ/48/1224.txt', 'distance': 0.6548764705657959, 'entity': {}}, {'id': 'POJ/16/219.txt', 'distance': 0.654102087020874, 'entity': {}}, {'id': 'POJ/16/952.txt', 'distance': 0.6485305428504944, 'entity': {}}, {'id': 'POJ/97/3467.txt', 'distance': 0.6476126909255981, 'entity': {}}, {'id': 'POJ/16/1095.txt', 'distance': 0.6470639705657959, 'entity': {}}]"
 
file: ,POJ/69/642.txt
results: ,"[{'id': 'POJ/2/842.txt', 'distance': 0.9999997019767761, 'entity': {}}, {'id': 'POJ/2/868.txt', 'distance': 0.9999997019767761, 'entity': {}}, {'id': 'POJ/59/1682.txt', 'distance': 0.9999997019767761, 'entity': {}}, {'id': 'POJ/51/678.txt', 'distance': 0.9999997019767761, 'entity': {}}, {'id': 'POJ/59/1040.txt', 'distance': 0.9999997019767761, 'entity': {}}, {'id': 'POJ/71/1197.txt', 'distance': 0.9999997019767761, 'entity': {}}, {'id': 'POJ/83/4356.txt', 'distance': 0.9999997019767761, 'entity': {}}, {'id': 'POJ/41/982.txt', 'distance': 0.9999997019767761, 'entity': {}}, {'id': 'POJ/46/3064.txt', 'distance': 0.9999997019767761, 'entity': {}}, {'id': 'POJ/64/1944.txt', 'distance': 0.9999997019767761, 'entity': {}}]"
 
file: ,POJ/51/644.txt
results: ,"[{'id': 'POJ/41/157.txt', 'distance': 0.7281338572502136, 'entity': {}}, {'id': 'POJ/64/596.txt', 'distance': 0.7211751341819763, 'entity': {}}, {'id': 'POJ/46/602.txt', 'distance': 0.719549298286438, 'entity': {}}, {'id': 'POJ/46/2104.txt', 'distance': 0.707980751991272, 'entity': {}}, {'id': 'POJ/39/1671.txt', 'distance': 0.6928088665008545, 'entity': {}}, {'id': 'POJ/39/937.txt', 'distance': 0.6916893124580383, 'entity': {}}, {'id': 'POJ/4/839.txt', 'distance': 0.6842837929725647, 'entity': {}}, {'id': 'POJ/46/2216.txt', 'distance': 0.6719827651977539, 'entity': {}}, {'id': 'POJ/24/993.txt', 'distance': 0.6660911440849304, 'entity': {}}, {'id': 'POJ/48/281.txt', 'distance': 0.6618494391441345, 'entity': {}}]"
 
file: ,POJ/67/1.txt
results: ,"[{'id': 'POJ/102/660.txt', 'distance': 0.6536349654197693, 'entity': {}}, {'id': 'POJ/102/1084.txt', 'distance': 0.6469888687133789, 'entity': {}}, {'id': 'POJ/102/1057.txt', 'distance': 0.6396223306655884, 'entity': {}}, {'id': 'POJ/102/911.txt', 'distance': 0.635844886302948, 'entity': {}}, {'id': 'POJ/102/649.txt', 'distance': 0.6295936107635498, 'entity': {}}, {'id': 'POJ/102/1280.txt', 'distance': 0.6283035278320312, 'entity': {}}, {'id': 'POJ/102/912.txt', 'distance': 0.628034234046936, 'entity': {}}, {'id': 'POJ/102/517.txt', 'distance': 0.6258724331855774, 'entity': {}}, {'id': 'POJ/76/1210.txt', 'distance': 0.6247954964637756, 'entity': {}}, {'id': 'POJ/76/1107.txt', 'distance': 0.6228821873664856, 'entity': {}}]"
 
file: ,POJ/67/1338.txt
results: ,"[{'id': 'POJ/76/1727.txt', 'distance': 0.7609243392944336, 'entity': {}}, {'id': 'POJ/76/1210.txt', 'distance': 0.7280772924423218, 'entity': {}}, {'id': 'POJ/76/227.txt', 'distance': 0.7264166474342346, 'entity': {}}, {'id': 'POJ/82/705.txt', 'distance': 0.7202474474906921, 'entity': {}}, {'id': 'POJ/76/838.txt', 'distance': 0.7162915468215942, 'entity': {}}, {'id': 'POJ/76/116.txt', 'distance': 0.7088338732719421, 'entity': {}}, {'id': 'POJ/73/1344.txt', 'distance': 0.7085235714912415, 'entity': {}}, {'id': 'POJ/73/2091.txt', 'distance': 0.7076037526130676, 'entity': {}}, {'id': 'POJ/76/1221.txt', 'distance': 0.7063502669334412, 'entity': {}}, {'id': 'POJ/70/387.txt', 'distance': 0.7047630548477173, 'entity': {}}]"
 
file: ,POJ/60/1720.txt
results: ,"[{'id': 'POJ/79/379.txt', 'distance': 0.738600492477417, 'entity': {}}, {'id': 'POJ/76/505.txt', 'distance': 0.7242577075958252, 'entity': {}}, {'id': 'POJ/76/578.txt', 'distance': 0.712645411491394, 'entity': {}}, {'id': 'POJ/76/1755.txt', 'distance': 0.7123969197273254, 'entity': {}}, {'id': 'POJ/60/569.txt', 'distance': 0.7119482755661011, 'entity': {}}, {'id': 'POJ/76/878.txt', 'distance': 0.7117363810539246, 'entity': {}}, {'id': 'POJ/76/801.txt', 'distance': 0.710912823677063, 'entity': {}}, {'id': 'POJ/76/1664.txt', 'distance': 0.7074596285820007, 'entity': {}}, {'id': 'POJ/76/43.txt', 'distance': 0.7062495350837708, 'entity': {}}, {'id': 'POJ/76/1744.txt', 'distance': 0.7038989663124084, 'entity': {}}]"
 
file: ,POJ/60/1004.txt
results: ,"[{'id': 'POJ/60/862.txt', 'distance': 0.7646503448486328, 'entity': {}}, {'id': 'POJ/68/458.txt', 'distance': 0.7640004754066467, 'entity': {}}, {'id': 'POJ/68/958.txt', 'distance': 0.7615941762924194, 'entity': {}}, {'id': 'POJ/1/1324.txt', 'distance': 0.7582655549049377, 'entity': {}}, {'id': 'POJ/68/979.txt', 'distance': 0.7571005821228027, 'entity': {}}, {'id': 'POJ/68/974.txt', 'distance': 0.7543247938156128, 'entity': {}}, {'id': 'POJ/60/738.txt', 'distance': 0.7519904971122742, 'entity': {}}, {'id': 'POJ/68/157.txt', 'distance': 0.7517458200454712, 'entity': {}}, {'id': 'POJ/48/155.txt', 'distance': 0.7502999901771545, 'entity': {}}, {'id': 'POJ/68/728.txt', 'distance': 0.7501503825187683, 'entity': {}}]"
 
file: ,POJ/18/933.txt
results: ,"[{'id': 'POJ/64/3184.txt', 'distance': 1.0, 'entity': {}}, {'id': 'POJ/39/2024.txt', 'distance': 1.0, 'entity': {}}, {'id': 'POJ/59/1146.txt', 'distance': 0.9999998807907104, 'entity': {}}, {'id': 'POJ/80/946.txt', 'distance': 0.9999998807907104, 'entity': {}}, {'id': 'POJ/98/2966.txt', 'distance': 0.9999998807907104, 'entity': {}}, {'id': 'POJ/18/933.txt', 'distance': 0.9999998807907104, 'entity': {}}, {'id': 'POJ/32/1124.txt', 'distance': 0.9740272760391235, 'entity': {}}, {'id': 'POJ/69/931.txt', 'distance': 0.9740272760391235, 'entity': {}}, {'id': 'POJ/18/2008.txt', 'distance': 0.9740272760391235, 'entity': {}}, {'id': 'POJ/27/2098.txt', 'distance': 0.9740272760391235, 'entity': {}}]"
 
file: ,POJ/18/1295.txt
results: ,"[{'id': 'POJ/8/992.txt', 'distance': 0.9999997019767761, 'entity': {}}, {'id': 'POJ/73/962.txt', 'distance': 0.9999997019767761, 'entity': {}}, {'id': 'POJ/51/1002.txt', 'distance': 0.9999997019767761, 'entity': {}}, {'id': 'POJ/69/1144.txt', 'distance': 0.9999997019767761, 'entity': {}}, {'id': 'POJ/69/1009.txt', 'distance': 0.9999997019767761, 'entity': {}}, {'id': 'POJ/19/1027.txt', 'distance': 0.9999997019767761, 'entity': {}}, {'id': 'POJ/104/607.txt', 'distance': 0.9999997019767761, 'entity': {}}, {'id': 'POJ/92/490.txt', 'distance': 0.9999997019767761, 'entity': {}}, {'id': 'POJ/8/76.txt', 'distance': 0.9999997019767761, 'entity': {}}, {'id': 'POJ/92/671.txt', 'distance': 0.9999997019767761, 'entity': {}}]"
 
file: ,POJ/18/956.txt
results: ,"[{'id': 'POJ/48/149.txt', 'distance': 1.000000238418579, 'entity': {}}, {'id': 'POJ/48/1057.txt', 'distance': 1.000000238418579, 'entity': {}}, {'id': 'POJ/59/635.txt', 'distance': 0.9999998807907104, 'entity': {}}, {'id': 'POJ/18/956.txt', 'distance': 0.9999998807907104, 'entity': {}}, {'id': 'POJ/19/2385.txt', 'distance': 0.983955979347229, 'entity': {}}, {'id': 'POJ/96/803.txt', 'distance': 0.983955979347229, 'entity': {}}, {'id': 'POJ/42/193.txt', 'distance': 0.983955979347229, 'entity': {}}, {'id': 'POJ/83/1027.txt', 'distance': 0.9839556217193604, 'entity': {}}, {'id': 'POJ/41/1204.txt', 'distance': 0.9839556217193604, 'entity': {}}, {'id': 'POJ/92/1411.txt', 'distance': 0.9774169921875, 'entity': {}}]"
 
file: ,POJ/18/969.txt
results: ,"[{'id': 'POJ/83/5154.txt', 'distance': 1.0000007152557373, 'entity': {}}, {'id': 'POJ/18/969.txt', 'distance': 1.0000003576278687, 'entity': {}}, {'id': 'POJ/11/14.txt', 'distance': 1.0000003576278687, 'entity': {}}, {'id': 'POJ/71/1340.txt', 'distance': 0.9508702754974365, 'entity': {}}, {'id': 'POJ/1/400.txt', 'distance': 0.9289793968200684, 'entity': {}}, {'id': 'POJ/27/356.txt', 'distance': 0.9289793968200684, 'entity': {}}, {'id': 'POJ/48/1139.txt', 'distance': 0.9122929573059082, 'entity': {}}, {'id': 'POJ/39/1572.txt', 'distance': 0.9122929573059082, 'entity': {}}, {'id': 'POJ/80/485.txt', 'distance': 0.91229248046875, 'entity': {}}, {'id': 'POJ/59/628.txt', 'distance': 0.91229248046875, 'entity': {}}]"
 
file: ,POJ/18/1750.txt
results: ,"[{'id': 'POJ/71/766.txt', 'distance': 1.0000003576278687, 'entity': {}}, {'id': 'POJ/48/946.txt', 'distance': 1.0000003576278687, 'entity': {}}, {'id': 'POJ/18/1750.txt', 'distance': 1.000000238418579, 'entity': {}}, {'id': 'POJ/74/186.txt', 'distance': 1.000000238418579, 'entity': {}}, {'id': 'POJ/80/866.txt', 'distance': 1.000000238418579, 'entity': {}}, {'id': 'POJ/39/227.txt', 'distance': 0.9522643089294434, 'entity': {}}, {'id': 'POJ/8/1228.txt', 'distance': 0.9522642493247986, 'entity': {}}, {'id': 'POJ/11/994.txt', 'distance': 0.9522642493247986, 'entity': {}}, {'id': 'POJ/59/798.txt', 'distance': 0.9140373468399048, 'entity': {}}, {'id': 'POJ/95/1012.txt', 'distance': 0.9140373468399048, 'entity': {}}]"
 
file: ,POJ/18/953.txt
results: ,"[{'id': 'POJ/48/1584.txt', 'distance': 1.0000009536743164, 'entity': {}}, {'id': 'POJ/18/953.txt', 'distance': 1.0000003576278687, 'entity': {}}, {'id': 'POJ/41/494.txt', 'distance': 0.9580655097961426, 'entity': {}}, {'id': 'POJ/18/2108.txt', 'distance': 0.9464806318283081, 'entity': {}}, {'id': 'POJ/71/2132.txt', 'distance': 0.9337459802627563, 'entity': {}}, {'id': 'POJ/18/2151.txt', 'distance': 0.921496570110321, 'entity': {}}, {'id': 'POJ/14/178.txt', 'distance': 0.9088980555534363, 'entity': {}}, {'id': 'POJ/41/217.txt', 'distance': 0.9060639142990112, 'entity': {}}, {'id': 'POJ/102/156.txt', 'distance': 0.9037194848060608, 'entity': {}}, {'id': 'POJ/32/991.txt', 'distance': 0.890984296798706, 'entity': {}}]"
 
file: ,POJ/18/434.txt
results: ,"[{'id': 'POJ/8/992.txt', 'distance': 0.9999997019767761, 'entity': {}}, {'id': 'POJ/73/962.txt', 'distance': 0.9999997019767761, 'entity': {}}, {'id': 'POJ/51/1002.txt', 'distance': 0.9999997019767761, 'entity': {}}, {'id': 'POJ/69/1144.txt', 'distance': 0.9999997019767761, 'entity': {}}, {'id': 'POJ/69/1009.txt', 'distance': 0.9999997019767761, 'entity': {}}, {'id': 'POJ/19/1027.txt', 'distance': 0.9999997019767761, 'entity': {}}, {'id': 'POJ/104/607.txt', 'distance': 0.9999997019767761, 'entity': {}}, {'id': 'POJ/92/490.txt', 'distance': 0.9999997019767761, 'entity': {}}, {'id': 'POJ/8/76.txt', 'distance': 0.9999997019767761, 'entity': {}}, {'id': 'POJ/92/671.txt', 'distance': 0.9999997019767761, 'entity': {}}]"
 
file: ,POJ/18/1449.txt
results: ,"[{'id': 'POJ/8/992.txt', 'distance': 0.9999997019767761, 'entity': {}}, {'id': 'POJ/73/962.txt', 'distance': 0.9999997019767761, 'entity': {}}, {'id': 'POJ/51/1002.txt', 'distance': 0.9999997019767761, 'entity': {}}, {'id': 'POJ/69/1144.txt', 'distance': 0.9999997019767761, 'entity': {}}, {'id': 'POJ/69/1009.txt', 'distance': 0.9999997019767761, 'entity': {}}, {'id': 'POJ/19/1027.txt', 'distance': 0.9999997019767761, 'entity': {}}, {'id': 'POJ/104/607.txt', 'distance': 0.9999997019767761, 'entity': {}}, {'id': 'POJ/92/490.txt', 'distance': 0.9999997019767761, 'entity': {}}, {'id': 'POJ/8/76.txt', 'distance': 0.9999997019767761, 'entity': {}}, {'id': 'POJ/92/671.txt', 'distance': 0.9999997019767761, 'entity': {}}]"
 
file: ,POJ/18/1882.txt
results: ,"[{'id': 'POJ/8/992.txt', 'distance': 0.9999997019767761, 'entity': {}}, {'id': 'POJ/73/962.txt', 'distance': 0.9999997019767761, 'entity': {}}, {'id': 'POJ/51/1002.txt', 'distance': 0.9999997019767761, 'entity': {}}, {'id': 'POJ/69/1144.txt', 'distance': 0.9999997019767761, 'entity': {}}, {'id': 'POJ/69/1009.txt', 'distance': 0.9999997019767761, 'entity': {}}, {'id': 'POJ/19/1027.txt', 'distance': 0.9999997019767761, 'entity': {}}, {'id': 'POJ/104/607.txt', 'distance': 0.9999997019767761, 'entity': {}}, {'id': 'POJ/92/490.txt', 'distance': 0.9999997019767761, 'entity': {}}, {'id': 'POJ/8/76.txt', 'distance': 0.9999997019767761, 'entity': {}}, {'id': 'POJ/92/671.txt', 'distance': 0.9999997019767761, 'entity': {}}]"
 
file: ,POJ/18/1459.txt
results: ,"[{'id': 'POJ/8/992.txt', 'distance': 0.9999997019767761, 'entity': {}}, {'id': 'POJ/73/962.txt', 'distance': 0.9999997019767761, 'entity': {}}, {'id': 'POJ/51/1002.txt', 'distance': 0.9999997019767761, 'entity': {}}, {'id': 'POJ/69/1144.txt', 'distance': 0.9999997019767761, 'entity': {}}, {'id': 'POJ/69/1009.txt', 'distance': 0.9999997019767761, 'entity': {}}, {'id': 'POJ/19/1027.txt', 'distance': 0.9999997019767761, 'entity': {}}, {'id': 'POJ/104/607.txt', 'distance': 0.9999997019767761, 'entity': {}}, {'id': 'POJ/92/490.txt', 'distance': 0.9999997019767761, 'entity': {}}, {'id': 'POJ/8/76.txt', 'distance': 0.9999997019767761, 'entity': {}}, {'id': 'POJ/92/671.txt', 'distance': 0.9999997019767761, 'entity': {}}]"
 
file: ,POJ/18/24.txt
results: ,"[{'id': 'POJ/8/992.txt', 'distance': 0.9999997019767761, 'entity': {}}, {'id': 'POJ/73/962.txt', 'distance': 0.9999997019767761, 'entity': {}}, {'id': 'POJ/51/1002.txt', 'distance': 0.9999997019767761, 'entity': {}}, {'id': 'POJ/69/1144.txt', 'distance': 0.9999997019767761, 'entity': {}}, {'id': 'POJ/69/1009.txt', 'distance': 0.9999997019767761, 'entity': {}}, {'id': 'POJ/19/1027.txt', 'distance': 0.9999997019767761, 'entity': {}}, {'id': 'POJ/104/607.txt', 'distance': 0.9999997019767761, 'entity': {}}, {'id': 'POJ/92/490.txt', 'distance': 0.9999997019767761, 'entity': {}}, {'id': 'POJ/8/76.txt', 'distance': 0.9999997019767761, 'entity': {}}, {'id': 'POJ/92/671.txt', 'distance': 0.9999997019767761, 'entity': {}}]"
 
file: ,POJ/27/1461.txt
results: ,"[{'id': 'POJ/27/1533.txt', 'distance': 0.8869112730026245, 'entity': {}}, {'id': 'POJ/27/2170.txt', 'distance': 0.885441780090332, 'entity': {}}, {'id': 'POJ/27/1807.txt', 'distance': 0.8821732401847839, 'entity': {}}, {'id': 'POJ/27/1376.txt', 'distance': 0.876632809638977, 'entity': {}}, {'id': 'POJ/27/872.txt', 'distance': 0.8747521042823792, 'entity': {}}, {'id': 'POJ/27/25.txt', 'distance': 0.873106062412262, 'entity': {}}, {'id': 'POJ/27/1572.txt', 'distance': 0.8722054958343506, 'entity': {}}, {'id': 'POJ/27/1879.txt', 'distance': 0.8718476295471191, 'entity': {}}, {'id': 'POJ/27/354.txt', 'distance': 0.8707196116447449, 'entity': {}}, {'id': 'POJ/27/821.txt', 'distance': 0.8681004047393799, 'entity': {}}]"
 
file: ,POJ/11/14.txt
results: ,"[{'id': 'POJ/83/5154.txt', 'distance': 1.0000007152557373, 'entity': {}}, {'id': 'POJ/18/969.txt', 'distance': 1.0000003576278687, 'entity': {}}, {'id': 'POJ/11/14.txt', 'distance': 1.0000003576278687, 'entity': {}}, {'id': 'POJ/71/1340.txt', 'distance': 0.9508702754974365, 'entity': {}}, {'id': 'POJ/1/400.txt', 'distance': 0.9289793968200684, 'entity': {}}, {'id': 'POJ/27/356.txt', 'distance': 0.9289793968200684, 'entity': {}}, {'id': 'POJ/48/1139.txt', 'distance': 0.9122929573059082, 'entity': {}}, {'id': 'POJ/39/1572.txt', 'distance': 0.9122929573059082, 'entity': {}}, {'id': 'POJ/80/485.txt', 'distance': 0.91229248046875, 'entity': {}}, {'id': 'POJ/59/628.txt', 'distance': 0.91229248046875, 'entity': {}}]"
 
file: ,POJ/11/994.txt
results: ,"[{'id': 'POJ/39/227.txt', 'distance': 1.0000004768371582, 'entity': {}}, {'id': 'POJ/8/1228.txt', 'distance': 1.000000238418579, 'entity': {}}, {'id': 'POJ/11/994.txt', 'distance': 1.000000238418579, 'entity': {}}, {'id': 'POJ/80/866.txt', 'distance': 0.9522643685340881, 'entity': {}}, {'id': 'POJ/18/1750.txt', 'distance': 0.9522643685340881, 'entity': {}}, {'id': 'POJ/74/186.txt', 'distance': 0.9522643685340881, 'entity': {}}, {'id': 'POJ/71/766.txt', 'distance': 0.9522643089294434, 'entity': {}}, {'id': 'POJ/48/946.txt', 'distance': 0.9522643089294434, 'entity': {}}, {'id': 'POJ/59/839.txt', 'distance': 0.9243826270103455, 'entity': {}}, {'id': 'POJ/92/1160.txt', 'distance': 0.9243826270103455, 'entity': {}}]"
 
file: ,POJ/42/1863.txt
results: ,"[{'id': 'POJ/13/84.txt', 'distance': 0.689172089099884, 'entity': {}}, {'id': 'POJ/42/180.txt', 'distance': 0.6855644583702087, 'entity': {}}, {'id': 'POJ/42/1429.txt', 'distance': 0.6817677617073059, 'entity': {}}, {'id': 'POJ/42/958.txt', 'distance': 0.6817483305931091, 'entity': {}}, {'id': 'POJ/13/1621.txt', 'distance': 0.6784391403198242, 'entity': {}}, {'id': 'POJ/42/1305.txt', 'distance': 0.6771317720413208, 'entity': {}}, {'id': 'POJ/13/501.txt', 'distance': 0.6738560795783997, 'entity': {}}, {'id': 'POJ/13/1018.txt', 'distance': 0.6730138063430786, 'entity': {}}, {'id': 'POJ/13/1993.txt', 'distance': 0.672304093837738, 'entity': {}}, {'id': 'POJ/13/1293.txt', 'distance': 0.6721352338790894, 'entity': {}}]"
 
file: ,POJ/42/345.txt
results: ,"[{'id': 'POJ/46/266.txt', 'distance': 0.708872377872467, 'entity': {}}, {'id': 'POJ/46/3380.txt', 'distance': 0.6536188721656799, 'entity': {}}, {'id': 'POJ/55/696.txt', 'distance': 0.6515299677848816, 'entity': {}}, {'id': 'POJ/14/773.txt', 'distance': 0.6502838134765625, 'entity': {}}, {'id': 'POJ/101/339.txt', 'distance': 0.6471745371818542, 'entity': {}}, {'id': 'POJ/77/1216.txt', 'distance': 0.6467302441596985, 'entity': {}}, {'id': 'POJ/46/2487.txt', 'distance': 0.6417094469070435, 'entity': {}}, {'id': 'POJ/25/141.txt', 'distance': 0.6401827335357666, 'entity': {}}, {'id': 'POJ/77/1137.txt', 'distance': 0.6369823813438416, 'entity': {}}, {'id': 'POJ/46/3047.txt', 'distance': 0.6310957670211792, 'entity': {}}]"
 
file: ,POJ/42/1538.txt
results: ,"[{'id': 'POJ/42/1076.txt', 'distance': 0.810670018196106, 'entity': {}}, {'id': 'POJ/42/1134.txt', 'distance': 0.8065404295921326, 'entity': {}}, {'id': 'POJ/79/5630.txt', 'distance': 0.8054467439651489, 'entity': {}}, {'id': 'POJ/42/401.txt', 'distance': 0.8047070503234863, 'entity': {}}, {'id': 'POJ/42/1131.txt', 'distance': 0.8045620918273926, 'entity': {}}, {'id': 'POJ/42/870.txt', 'distance': 0.8022563457489014, 'entity': {}}, {'id': 'POJ/42/1380.txt', 'distance': 0.8000737428665161, 'entity': {}}, {'id': 'POJ/42/1153.txt', 'distance': 0.8000292181968689, 'entity': {}}, {'id': 'POJ/42/122.txt', 'distance': 0.7993238568305969, 'entity': {}}, {'id': 'POJ/42/209.txt', 'distance': 0.7987577319145203, 'entity': {}}]"
 
file: ,POJ/73/994.txt
results: ,"[{'id': 'POJ/2/958.txt', 'distance': 0.7356592416763306, 'entity': {}}, {'id': 'POJ/46/602.txt', 'distance': 0.7096587419509888, 'entity': {}}, {'id': 'POJ/2/949.txt', 'distance': 0.707481324672699, 'entity': {}}, {'id': 'POJ/2/194.txt', 'distance': 0.7071205973625183, 'entity': {}}, {'id': 'POJ/78/1241.txt', 'distance': 0.6919694542884827, 'entity': {}}, {'id': 'POJ/39/439.txt', 'distance': 0.690895676612854, 'entity': {}}, {'id': 'POJ/2/938.txt', 'distance': 0.6876998543739319, 'entity': {}}, {'id': 'POJ/2/1167.txt', 'distance': 0.6872583031654358, 'entity': {}}, {'id': 'POJ/39/484.txt', 'distance': 0.6797902584075928, 'entity': {}}, {'id': 'POJ/2/1340.txt', 'distance': 0.6786916255950928, 'entity': {}}]"
 
file: ,POJ/73/642.txt
results: ,"[{'id': 'POJ/64/2741.txt', 'distance': 0.7490854859352112, 'entity': {}}, {'id': 'POJ/85/2314.txt', 'distance': 0.7149907946586609, 'entity': {}}, {'id': 'POJ/85/2004.txt', 'distance': 0.6766219139099121, 'entity': {}}, {'id': 'POJ/64/407.txt', 'distance': 0.6716948747634888, 'entity': {}}, {'id': 'POJ/41/730.txt', 'distance': 0.6617730259895325, 'entity': {}}, {'id': 'POJ/89/1020.txt', 'distance': 0.6522696614265442, 'entity': {}}, {'id': 'POJ/89/467.txt', 'distance': 0.6512245535850525, 'entity': {}}, {'id': 'POJ/78/79.txt', 'distance': 0.6497601866722107, 'entity': {}}, {'id': 'POJ/78/367.txt', 'distance': 0.6469899415969849, 'entity': {}}, {'id': 'POJ/85/1700.txt', 'distance': 0.6456759572029114, 'entity': {}}]"
 
file: ,POJ/80/698.txt
results: ,"[{'id': 'POJ/83/1747.txt', 'distance': 0.7775983214378357, 'entity': {}}, {'id': 'POJ/39/2047.txt', 'distance': 0.7612056732177734, 'entity': {}}, {'id': 'POJ/55/798.txt', 'distance': 0.7561214566230774, 'entity': {}}, {'id': 'POJ/48/647.txt', 'distance': 0.746895432472229, 'entity': {}}, {'id': 'POJ/46/873.txt', 'distance': 0.7423476576805115, 'entity': {}}, {'id': 'POJ/78/666.txt', 'distance': 0.7275945544242859, 'entity': {}}, {'id': 'POJ/48/956.txt', 'distance': 0.7275621294975281, 'entity': {}}, {'id': 'POJ/64/3077.txt', 'distance': 0.7063934803009033, 'entity': {}}, {'id': 'POJ/78/1522.txt', 'distance': 0.7020900845527649, 'entity': {}}, {'id': 'POJ/78/1521.txt', 'distance': 0.6985165476799011, 'entity': {}}]"
 
file: ,POJ/80/946.txt
results: ,"[{'id': 'POJ/64/3184.txt', 'distance': 1.0, 'entity': {}}, {'id': 'POJ/39/2024.txt', 'distance': 1.0, 'entity': {}}, {'id': 'POJ/59/1146.txt', 'distance': 0.9999998807907104, 'entity': {}}, {'id': 'POJ/80/946.txt', 'distance': 0.9999998807907104, 'entity': {}}, {'id': 'POJ/98/2966.txt', 'distance': 0.9999998807907104, 'entity': {}}, {'id': 'POJ/18/933.txt', 'distance': 0.9999998807907104, 'entity': {}}, {'id': 'POJ/32/1124.txt', 'distance': 0.9740272760391235, 'entity': {}}, {'id': 'POJ/69/931.txt', 'distance': 0.9740272760391235, 'entity': {}}, {'id': 'POJ/18/2008.txt', 'distance': 0.9740272760391235, 'entity': {}}, {'id': 'POJ/27/2098.txt', 'distance': 0.9740272760391235, 'entity': {}}]"
 
file: ,POJ/80/1004.txt
results: ,"[{'id': 'POJ/2/842.txt', 'distance': 0.9999997019767761, 'entity': {}}, {'id': 'POJ/2/868.txt', 'distance': 0.9999997019767761, 'entity': {}}, {'id': 'POJ/59/1682.txt', 'distance': 0.9999997019767761, 'entity': {}}, {'id': 'POJ/51/678.txt', 'distance': 0.9999997019767761, 'entity': {}}, {'id': 'POJ/59/1040.txt', 'distance': 0.9999997019767761, 'entity': {}}, {'id': 'POJ/71/1197.txt', 'distance': 0.9999997019767761, 'entity': {}}, {'id': 'POJ/83/4356.txt', 'distance': 0.9999997019767761, 'entity': {}}, {'id': 'POJ/41/982.txt', 'distance': 0.9999997019767761, 'entity': {}}, {'id': 'POJ/46/3064.txt', 'distance': 0.9999997019767761, 'entity': {}}, {'id': 'POJ/64/1944.txt', 'distance': 0.9999997019767761, 'entity': {}}]"
 
file: ,POJ/80/41.txt
results: ,"[{'id': 'POJ/39/1387.txt', 'distance': 0.6655065417289734, 'entity': {}}, {'id': 'POJ/48/1344.txt', 'distance': 0.6446182727813721, 'entity': {}}, {'id': 'POJ/6/1418.txt', 'distance': 0.6394645571708679, 'entity': {}}, {'id': 'POJ/6/1811.txt', 'distance': 0.6384573578834534, 'entity': {}}, {'id': 'POJ/29/122.txt', 'distance': 0.6313251852989197, 'entity': {}}, {'id': 'POJ/29/1293.txt', 'distance': 0.629582941532135, 'entity': {}}, {'id': 'POJ/29/400.txt', 'distance': 0.6291764378547668, 'entity': {}}, {'id': 'POJ/6/2528.txt', 'distance': 0.6265029907226562, 'entity': {}}, {'id': 'POJ/6/2978.txt', 'distance': 0.6244287490844727, 'entity': {}}, {'id': 'POJ/6/1696.txt', 'distance': 0.6175602674484253, 'entity': {}}]"
 
file: ,POJ/80/866.txt
results: ,"[{'id': 'POJ/71/766.txt', 'distance': 1.0000003576278687, 'entity': {}}, {'id': 'POJ/48/946.txt', 'distance': 1.0000003576278687, 'entity': {}}, {'id': 'POJ/18/1750.txt', 'distance': 1.000000238418579, 'entity': {}}, {'id': 'POJ/74/186.txt', 'distance': 1.000000238418579, 'entity': {}}, {'id': 'POJ/80/866.txt', 'distance': 1.000000238418579, 'entity': {}}, {'id': 'POJ/39/227.txt', 'distance': 0.9522643089294434, 'entity': {}}, {'id': 'POJ/8/1228.txt', 'distance': 0.9522642493247986, 'entity': {}}, {'id': 'POJ/11/994.txt', 'distance': 0.9522642493247986, 'entity': {}}, {'id': 'POJ/59/798.txt', 'distance': 0.9140373468399048, 'entity': {}}, {'id': 'POJ/95/1012.txt', 'distance': 0.9140373468399048, 'entity': {}}]"
 
file: ,POJ/74/854.txt
results: ,"[{'id': 'POJ/41/724.txt', 'distance': 0.7532859444618225, 'entity': {}}, {'id': 'POJ/78/1280.txt', 'distance': 0.7210334539413452, 'entity': {}}, {'id': 'POJ/41/1213.txt', 'distance': 0.6957435011863708, 'entity': {}}, {'id': 'POJ/71/870.txt', 'distance': 0.6885135173797607, 'entity': {}}, {'id': 'POJ/41/207.txt', 'distance': 0.6817735433578491, 'entity': {}}, {'id': 'POJ/41/673.txt', 'distance': 0.6813536882400513, 'entity': {}}, {'id': 'POJ/65/649.txt', 'distance': 0.6738346815109253, 'entity': {}}, {'id': 'POJ/41/524.txt', 'distance': 0.673731803894043, 'entity': {}}, {'id': 'POJ/101/1096.txt', 'distance': 0.6670277118682861, 'entity': {}}, {'id': 'POJ/101/494.txt', 'distance': 0.6634219884872437, 'entity': {}}]"
 
file: ,POJ/74/186.txt
results: ,"[{'id': 'POJ/71/766.txt', 'distance': 1.0000003576278687, 'entity': {}}, {'id': 'POJ/48/946.txt', 'distance': 1.0000003576278687, 'entity': {}}, {'id': 'POJ/18/1750.txt', 'distance': 1.000000238418579, 'entity': {}}, {'id': 'POJ/74/186.txt', 'distance': 1.000000238418579, 'entity': {}}, {'id': 'POJ/80/866.txt', 'distance': 1.000000238418579, 'entity': {}}, {'id': 'POJ/39/227.txt', 'distance': 0.9522643089294434, 'entity': {}}, {'id': 'POJ/8/1228.txt', 'distance': 0.9522642493247986, 'entity': {}}, {'id': 'POJ/11/994.txt', 'distance': 0.9522642493247986, 'entity': {}}, {'id': 'POJ/59/798.txt', 'distance': 0.9140373468399048, 'entity': {}}, {'id': 'POJ/95/1012.txt', 'distance': 0.9140373468399048, 'entity': {}}]"
 
file: ,POJ/74/520.txt
results: ,"[{'id': 'POJ/24/2072.txt', 'distance': 0.7163175344467163, 'entity': {}}, {'id': 'POJ/24/182.txt', 'distance': 0.7149304151535034, 'entity': {}}, {'id': 'POJ/49/14.txt', 'distance': 0.7105223536491394, 'entity': {}}, {'id': 'POJ/78/318.txt', 'distance': 0.7076452374458313, 'entity': {}}, {'id': 'POJ/76/132.txt', 'distance': 0.7058576345443726, 'entity': {}}, {'id': 'POJ/49/836.txt', 'distance': 0.6975700259208679, 'entity': {}}, {'id': 'POJ/22/243.txt', 'distance': 0.6957103610038757, 'entity': {}}, {'id': 'POJ/74/530.txt', 'distance': 0.6949036717414856, 'entity': {}}, {'id': 'POJ/41/292.txt', 'distance': 0.6909369826316833, 'entity': {}}, {'id': 'POJ/77/1373.txt', 'distance': 0.69089674949646, 'entity': {}}]"
 
file: ,POJ/6/3783.txt
results: ,"[{'id': 'POJ/64/596.txt', 'distance': 0.8104047179222107, 'entity': {}}, {'id': 'POJ/64/571.txt', 'distance': 0.8006995916366577, 'entity': {}}, {'id': 'POJ/64/2352.txt', 'distance': 0.7854542136192322, 'entity': {}}, {'id': 'POJ/64/757.txt', 'distance': 0.7669997215270996, 'entity': {}}, {'id': 'POJ/64/1081.txt', 'distance': 0.7646960020065308, 'entity': {}}, {'id': 'POJ/82/1122.txt', 'distance': 0.7553926110267639, 'entity': {}}, {'id': 'POJ/46/1276.txt', 'distance': 0.754799485206604, 'entity': {}}, {'id': 'POJ/55/665.txt', 'distance': 0.7540086507797241, 'entity': {}}, {'id': 'POJ/24/104.txt', 'distance': 0.7440778613090515, 'entity': {}}, {'id': 'POJ/78/1388.txt', 'distance': 0.742863655090332, 'entity': {}}]"
 
file: ,POJ/1/1332.txt
results: ,"[{'id': 'POJ/1/2117.txt', 'distance': 0.6722919940948486, 'entity': {}}, {'id': 'POJ/1/721.txt', 'distance': 0.6705344915390015, 'entity': {}}, {'id': 'POJ/1/1120.txt', 'distance': 0.665592610836029, 'entity': {}}, {'id': 'POJ/1/1123.txt', 'distance': 0.661168098449707, 'entity': {}}, {'id': 'POJ/90/2023.txt', 'distance': 0.6585634350776672, 'entity': {}}, {'id': 'POJ/1/542.txt', 'distance': 0.657139241695404, 'entity': {}}, {'id': 'POJ/1/1313.txt', 'distance': 0.6524816155433655, 'entity': {}}, {'id': 'POJ/1/1353.txt', 'distance': 0.6506302952766418, 'entity': {}}, {'id': 'POJ/1/106.txt', 'distance': 0.6481416821479797, 'entity': {}}, {'id': 'POJ/1/1228.txt', 'distance': 0.6477751731872559, 'entity': {}}]"
 
file: ,POJ/10/2102.txt
results: ,"[{'id': 'POJ/35/881.txt', 'distance': 0.7012097835540771, 'entity': {}}, {'id': 'POJ/35/909.txt', 'distance': 0.7000986337661743, 'entity': {}}, {'id': 'POJ/35/1863.txt', 'distance': 0.6986798048019409, 'entity': {}}, {'id': 'POJ/35/1340.txt', 'distance': 0.6979225277900696, 'entity': {}}, {'id': 'POJ/35/861.txt', 'distance': 0.6962997317314148, 'entity': {}}, {'id': 'POJ/35/403.txt', 'distance': 0.6962867975234985, 'entity': {}}, {'id': 'POJ/76/1044.txt', 'distance': 0.6957838535308838, 'entity': {}}, {'id': 'POJ/76/1134.txt', 'distance': 0.6935330629348755, 'entity': {}}, {'id': 'POJ/35/911.txt', 'distance': 0.6915938258171082, 'entity': {}}, {'id': 'POJ/35/931.txt', 'distance': 0.6885741949081421, 'entity': {}}]"
 
file: ,POJ/10/2244.txt
results: ,"[{'id': 'POJ/79/1009.txt', 'distance': 0.710669994354248, 'entity': {}}, {'id': 'POJ/8/624.txt', 'distance': 0.7054113149642944, 'entity': {}}, {'id': 'POJ/79/5711.txt', 'distance': 0.7034713625907898, 'entity': {}}, {'id': 'POJ/79/4511.txt', 'distance': 0.7006038427352905, 'entity': {}}, {'id': 'POJ/79/908.txt', 'distance': 0.6984108090400696, 'entity': {}}, {'id': 'POJ/8/1083.txt', 'distance': 0.6936433911323547, 'entity': {}}, {'id': 'POJ/8/757.txt', 'distance': 0.6934177875518799, 'entity': {}}, {'id': 'POJ/79/1373.txt', 'distance': 0.6895831227302551, 'entity': {}}, {'id': 'POJ/10/979.txt', 'distance': 0.6893398761749268, 'entity': {}}, {'id': 'POJ/79/2137.txt', 'distance': 0.6883878707885742, 'entity': {}}]"
 
file: ,POJ/19/2377.txt
results: ,"[{'id': 'POJ/64/571.txt', 'distance': 0.8012517094612122, 'entity': {}}, {'id': 'POJ/64/1081.txt', 'distance': 0.7313563227653503, 'entity': {}}, {'id': 'POJ/78/79.txt', 'distance': 0.7200791239738464, 'entity': {}}, {'id': 'POJ/77/288.txt', 'distance': 0.7160032391548157, 'entity': {}}, {'id': 'POJ/48/839.txt', 'distance': 0.7151297330856323, 'entity': {}}, {'id': 'POJ/48/741.txt', 'distance': 0.7125794291496277, 'entity': {}}, {'id': 'POJ/64/596.txt', 'distance': 0.7110897898674011, 'entity': {}}, {'id': 'POJ/48/469.txt', 'distance': 0.7076451778411865, 'entity': {}}, {'id': 'POJ/48/392.txt', 'distance': 0.7058133482933044, 'entity': {}}, {'id': 'POJ/64/407.txt', 'distance': 0.7001979351043701, 'entity': {}}]"
 
file: ,POJ/19/1864.txt
results: ,"[{'id': 'POJ/19/3181.txt', 'distance': 0.7177223563194275, 'entity': {}}, {'id': 'POJ/19/1598.txt', 'distance': 0.7126924991607666, 'entity': {}}, {'id': 'POJ/55/1671.txt', 'distance': 0.7053886651992798, 'entity': {}}, {'id': 'POJ/19/98.txt', 'distance': 0.7052731513977051, 'entity': {}}, {'id': 'POJ/7/622.txt', 'distance': 0.7029626965522766, 'entity': {}}, {'id': 'POJ/7/273.txt', 'distance': 0.7029217481613159, 'entity': {}}, {'id': 'POJ/7/1204.txt', 'distance': 0.6996881365776062, 'entity': {}}, {'id': 'POJ/19/1696.txt', 'distance': 0.697393000125885, 'entity': {}}, {'id': 'POJ/7/569.txt', 'distance': 0.6969732046127319, 'entity': {}}, {'id': 'POJ/49/1124.txt', 'distance': 0.6964845657348633, 'entity': {}}]"
 
file: ,POJ/19/2825.txt
results: ,"[{'id': 'POJ/14/773.txt', 'distance': 0.766616702079773, 'entity': {}}, {'id': 'POJ/83/4633.txt', 'distance': 0.7502614855766296, 'entity': {}}, {'id': 'POJ/83/4530.txt', 'distance': 0.7189555168151855, 'entity': {}}, {'id': 'POJ/83/2936.txt', 'distance': 0.7111279368400574, 'entity': {}}, {'id': 'POJ/83/4291.txt', 'distance': 0.7041465044021606, 'entity': {}}, {'id': 'POJ/64/1413.txt', 'distance': 0.7035570740699768, 'entity': {}}, {'id': 'POJ/48/149.txt', 'distance': 0.7014811635017395, 'entity': {}}, {'id': 'POJ/48/1057.txt', 'distance': 0.7014811635017395, 'entity': {}}, {'id': 'POJ/64/2616.txt', 'distance': 0.7011816501617432, 'entity': {}}, {'id': 'POJ/64/1256.txt', 'distance': 0.7008698582649231, 'entity': {}}]"
 
file: ,POJ/19/3074.txt
results: ,"[{'id': 'POJ/2/842.txt', 'distance': 0.9999997019767761, 'entity': {}}, {'id': 'POJ/2/868.txt', 'distance': 0.9999997019767761, 'entity': {}}, {'id': 'POJ/59/1682.txt', 'distance': 0.9999997019767761, 'entity': {}}, {'id': 'POJ/51/678.txt', 'distance': 0.9999997019767761, 'entity': {}}, {'id': 'POJ/59/1040.txt', 'distance': 0.9999997019767761, 'entity': {}}, {'id': 'POJ/71/1197.txt', 'distance': 0.9999997019767761, 'entity': {}}, {'id': 'POJ/83/4356.txt', 'distance': 0.9999997019767761, 'entity': {}}, {'id': 'POJ/41/982.txt', 'distance': 0.9999997019767761, 'entity': {}}, {'id': 'POJ/46/3064.txt', 'distance': 0.9999997019767761, 'entity': {}}, {'id': 'POJ/64/1944.txt', 'distance': 0.9999997019767761, 'entity': {}}]"
 
file: ,POJ/8/563.txt
results: ,"[{'id': 'POJ/55/665.txt', 'distance': 0.7786712050437927, 'entity': {}}, {'id': 'POJ/64/571.txt', 'distance': 0.7595626711845398, 'entity': {}}, {'id': 'POJ/46/610.txt', 'distance': 0.7573680281639099, 'entity': {}}, {'id': 'POJ/46/1276.txt', 'distance': 0.7287137508392334, 'entity': {}}, {'id': 'POJ/64/2352.txt', 'distance': 0.7242947816848755, 'entity': {}}, {'id': 'POJ/64/757.txt', 'distance': 0.7193039655685425, 'entity': {}}, {'id': 'POJ/46/3180.txt', 'distance': 0.7095627188682556, 'entity': {}}, {'id': 'POJ/46/340.txt', 'distance': 0.7036904096603394, 'entity': {}}, {'id': 'POJ/46/2689.txt', 'distance': 0.6974830031394958, 'entity': {}}, {'id': 'POJ/46/1700.txt', 'distance': 0.6958599090576172, 'entity': {}}]"
 
file: ,POJ/8/1228.txt
results: ,"[{'id': 'POJ/39/227.txt', 'distance': 1.0000004768371582, 'entity': {}}, {'id': 'POJ/8/1228.txt', 'distance': 1.000000238418579, 'entity': {}}, {'id': 'POJ/11/994.txt', 'distance': 1.000000238418579, 'entity': {}}, {'id': 'POJ/80/866.txt', 'distance': 0.9522643685340881, 'entity': {}}, {'id': 'POJ/18/1750.txt', 'distance': 0.9522643685340881, 'entity': {}}, {'id': 'POJ/74/186.txt', 'distance': 0.9522643685340881, 'entity': {}}, {'id': 'POJ/71/766.txt', 'distance': 0.9522643089294434, 'entity': {}}, {'id': 'POJ/48/946.txt', 'distance': 0.9522643089294434, 'entity': {}}, {'id': 'POJ/59/839.txt', 'distance': 0.9243826270103455, 'entity': {}}, {'id': 'POJ/92/1160.txt', 'distance': 0.9243826270103455, 'entity': {}}]"
 
file: ,POJ/8/119.txt
results: ,"[{'id': 'POJ/78/1435.txt', 'distance': 0.7628542184829712, 'entity': {}}, {'id': 'POJ/32/2067.txt', 'distance': 0.7628316879272461, 'entity': {}}, {'id': 'POJ/32/2427.txt', 'distance': 0.7592421770095825, 'entity': {}}, {'id': 'POJ/22/467.txt', 'distance': 0.7548349499702454, 'entity': {}}, {'id': 'POJ/69/1158.txt', 'distance': 0.7545437812805176, 'entity': {}}, {'id': 'POJ/52/4727.txt', 'distance': 0.754235029220581, 'entity': {}}, {'id': 'POJ/32/2317.txt', 'distance': 0.7522643804550171, 'entity': {}}, {'id': 'POJ/69/964.txt', 'distance': 0.7516283392906189, 'entity': {}}, {'id': 'POJ/32/1486.txt', 'distance': 0.7511453628540039, 'entity': {}}, {'id': 'POJ/69/895.txt', 'distance': 0.7510684728622437, 'entity': {}}]"
 
file: ,POJ/21/1929.txt
results: ,"[{'id': 'POJ/14/773.txt', 'distance': 0.7369883060455322, 'entity': {}}, {'id': 'POJ/46/266.txt', 'distance': 0.7285710573196411, 'entity': {}}, {'id': 'POJ/76/665.txt', 'distance': 0.7000899910926819, 'entity': {}}, {'id': 'POJ/52/1692.txt', 'distance': 0.6806365251541138, 'entity': {}}, {'id': 'POJ/46/2487.txt', 'distance': 0.6682195663452148, 'entity': {}}, {'id': 'POJ/2/1088.txt', 'distance': 0.6647666692733765, 'entity': {}}, {'id': 'POJ/77/1137.txt', 'distance': 0.6610744595527649, 'entity': {}}, {'id': 'POJ/25/141.txt', 'distance': 0.6572744846343994, 'entity': {}}, {'id': 'POJ/46/3380.txt', 'distance': 0.647409975528717, 'entity': {}}, {'id': 'POJ/46/3047.txt', 'distance': 0.6414922475814819, 'entity': {}}]"
 
file: ,POJ/21/2101.txt
results: ,"[{'id': 'POJ/94/738.txt', 'distance': 0.7480096817016602, 'entity': {}}, {'id': 'POJ/94/24.txt', 'distance': 0.743471622467041, 'entity': {}}, {'id': 'POJ/94/1168.txt', 'distance': 0.7381561994552612, 'entity': {}}, {'id': 'POJ/94/174.txt', 'distance': 0.7364585399627686, 'entity': {}}, {'id': 'POJ/94/1701.txt', 'distance': 0.7359837889671326, 'entity': {}}, {'id': 'POJ/94/65.txt', 'distance': 0.7332208156585693, 'entity': {}}, {'id': 'POJ/94/1744.txt', 'distance': 0.7331347465515137, 'entity': {}}, {'id': 'POJ/21/236.txt', 'distance': 0.7323578596115112, 'entity': {}}, {'id': 'POJ/94/229.txt', 'distance': 0.7323452830314636, 'entity': {}}, {'id': 'POJ/94/1166.txt', 'distance': 0.7308259606361389, 'entity': {}}]"
 
file: ,POJ/21/1037.txt
results: ,"[{'id': 'POJ/8/992.txt', 'distance': 0.9999997019767761, 'entity': {}}, {'id': 'POJ/73/962.txt', 'distance': 0.9999997019767761, 'entity': {}}, {'id': 'POJ/51/1002.txt', 'distance': 0.9999997019767761, 'entity': {}}, {'id': 'POJ/69/1144.txt', 'distance': 0.9999997019767761, 'entity': {}}, {'id': 'POJ/69/1009.txt', 'distance': 0.9999997019767761, 'entity': {}}, {'id': 'POJ/19/1027.txt', 'distance': 0.9999997019767761, 'entity': {}}, {'id': 'POJ/104/607.txt', 'distance': 0.9999997019767761, 'entity': {}}, {'id': 'POJ/92/490.txt', 'distance': 0.9999997019767761, 'entity': {}}, {'id': 'POJ/8/76.txt', 'distance': 0.9999997019767761, 'entity': {}}, {'id': 'POJ/92/671.txt', 'distance': 0.9999997019767761, 'entity': {}}]"
 
file: ,POJ/21/833.txt
results: ,"[{'id': 'POJ/46/2104.txt', 'distance': 0.6811521649360657, 'entity': {}}, {'id': 'POJ/64/3257.txt', 'distance': 0.6677209138870239, 'entity': {}}, {'id': 'POJ/46/2601.txt', 'distance': 0.6656164526939392, 'entity': {}}, {'id': 'POJ/49/836.txt', 'distance': 0.6654772758483887, 'entity': {}}, {'id': 'POJ/78/573.txt', 'distance': 0.665134847164154, 'entity': {}}, {'id': 'POJ/64/870.txt', 'distance': 0.6640048027038574, 'entity': {}}, {'id': 'POJ/48/1279.txt', 'distance': 0.6639411449432373, 'entity': {}}, {'id': 'POJ/77/1053.txt', 'distance': 0.6527904868125916, 'entity': {}}, {'id': 'POJ/48/281.txt', 'distance': 0.6465964317321777, 'entity': {}}, {'id': 'POJ/64/2473.txt', 'distance': 0.6442657709121704, 'entity': {}}]"
 
file: ,POJ/21/1159.txt
results: ,"[{'id': 'POJ/8/992.txt', 'distance': 0.9999997019767761, 'entity': {}}, {'id': 'POJ/73/962.txt', 'distance': 0.9999997019767761, 'entity': {}}, {'id': 'POJ/51/1002.txt', 'distance': 0.9999997019767761, 'entity': {}}, {'id': 'POJ/69/1144.txt', 'distance': 0.9999997019767761, 'entity': {}}, {'id': 'POJ/69/1009.txt', 'distance': 0.9999997019767761, 'entity': {}}, {'id': 'POJ/19/1027.txt', 'distance': 0.9999997019767761, 'entity': {}}, {'id': 'POJ/104/607.txt', 'distance': 0.9999997019767761, 'entity': {}}, {'id': 'POJ/92/490.txt', 'distance': 0.9999997019767761, 'entity': {}}, {'id': 'POJ/8/76.txt', 'distance': 0.9999997019767761, 'entity': {}}, {'id': 'POJ/92/671.txt', 'distance': 0.9999997019767761, 'entity': {}}]"
 
file: ,POJ/75/265.txt
results: ,"[{'id': 'POJ/22/41.txt', 'distance': 0.7632738351821899, 'entity': {}}, {'id': 'POJ/22/68.txt', 'distance': 0.7547828555107117, 'entity': {}}, {'id': 'POJ/76/308.txt', 'distance': 0.7472474575042725, 'entity': {}}, {'id': 'POJ/22/552.txt', 'distance': 0.7466481924057007, 'entity': {}}, {'id': 'POJ/22/86.txt', 'distance': 0.7455392479896545, 'entity': {}}, {'id': 'POJ/22/509.txt', 'distance': 0.7271480560302734, 'entity': {}}, {'id': 'POJ/76/413.txt', 'distance': 0.7269064784049988, 'entity': {}}, {'id': 'POJ/76/292.txt', 'distance': 0.7241777777671814, 'entity': {}}, {'id': 'POJ/76/1070.txt', 'distance': 0.7236323952674866, 'entity': {}}, {'id': 'POJ/21/1112.txt', 'distance': 0.7234620451927185, 'entity': {}}]"
 
file: ,POJ/72/2265.txt
results: ,"[{'id': 'POJ/8/992.txt', 'distance': 0.9999997019767761, 'entity': {}}, {'id': 'POJ/73/962.txt', 'distance': 0.9999997019767761, 'entity': {}}, {'id': 'POJ/51/1002.txt', 'distance': 0.9999997019767761, 'entity': {}}, {'id': 'POJ/69/1144.txt', 'distance': 0.9999997019767761, 'entity': {}}, {'id': 'POJ/69/1009.txt', 'distance': 0.9999997019767761, 'entity': {}}, {'id': 'POJ/19/1027.txt', 'distance': 0.9999997019767761, 'entity': {}}, {'id': 'POJ/104/607.txt', 'distance': 0.9999997019767761, 'entity': {}}, {'id': 'POJ/92/490.txt', 'distance': 0.9999997019767761, 'entity': {}}, {'id': 'POJ/8/76.txt', 'distance': 0.9999997019767761, 'entity': {}}, {'id': 'POJ/92/671.txt', 'distance': 0.9999997019767761, 'entity': {}}]"
 
file: ,POJ/38/780.txt
results: ,"[{'id': 'POJ/70/1056.txt', 'distance': 0.7593673467636108, 'entity': {}}, {'id': 'POJ/70/646.txt', 'distance': 0.758222222328186, 'entity': {}}, {'id': 'POJ/70/871.txt', 'distance': 0.7526387572288513, 'entity': {}}, {'id': 'POJ/70/1021.txt', 'distance': 0.7489340305328369, 'entity': {}}, {'id': 'POJ/70/1212.txt', 'distance': 0.7475547790527344, 'entity': {}}, {'id': 'POJ/70/1120.txt', 'distance': 0.7451690435409546, 'entity': {}}, {'id': 'POJ/70/469.txt', 'distance': 0.7449838519096375, 'entity': {}}, {'id': 'POJ/70/1269.txt', 'distance': 0.7415993809700012, 'entity': {}}, {'id': 'POJ/70/372.txt', 'distance': 0.7408614158630371, 'entity': {}}, {'id': 'POJ/70/1106.txt', 'distance': 0.7389328479766846, 'entity': {}}]"
 
file: ,POJ/31/565.txt
results: ,"[{'id': 'POJ/2/1089.txt', 'distance': 0.7501596212387085, 'entity': {}}, {'id': 'POJ/2/773.txt', 'distance': 0.7440730929374695, 'entity': {}}, {'id': 'POJ/39/405.txt', 'distance': 0.7421560287475586, 'entity': {}}, {'id': 'POJ/2/1275.txt', 'distance': 0.7228895425796509, 'entity': {}}, {'id': 'POJ/39/1650.txt', 'distance': 0.7103455662727356, 'entity': {}}, {'id': 'POJ/79/350.txt', 'distance': 0.7085762619972229, 'entity': {}}, {'id': 'POJ/39/366.txt', 'distance': 0.7021220922470093, 'entity': {}}, {'id': 'POJ/14/800.txt', 'distance': 0.6948906779289246, 'entity': {}}, {'id': 'POJ/14/1288.txt', 'distance': 0.6942209601402283, 'entity': {}}, {'id': 'POJ/14/1144.txt', 'distance': 0.6939147114753723, 'entity': {}}]"
 
file: ,POJ/31/253.txt
results: ,"[{'id': 'POJ/31/1566.txt', 'distance': 0.710702657699585, 'entity': {}}, {'id': 'POJ/31/406.txt', 'distance': 0.6918700337409973, 'entity': {}}, {'id': 'POJ/31/371.txt', 'distance': 0.681298553943634, 'entity': {}}, {'id': 'POJ/31/112.txt', 'distance': 0.6809716820716858, 'entity': {}}, {'id': 'POJ/31/1763.txt', 'distance': 0.6796849370002747, 'entity': {}}, {'id': 'POJ/31/742.txt', 'distance': 0.6765227913856506, 'entity': {}}, {'id': 'POJ/31/1966.txt', 'distance': 0.6754013895988464, 'entity': {}}, {'id': 'POJ/31/1391.txt', 'distance': 0.6731389164924622, 'entity': {}}, {'id': 'POJ/31/1007.txt', 'distance': 0.670698881149292, 'entity': {}}, {'id': 'POJ/31/1159.txt', 'distance': 0.6696155667304993, 'entity': {}}]"
 
file: ,POJ/96/596.txt
results: ,"[{'id': 'POJ/71/1073.txt', 'distance': 0.6846994757652283, 'entity': {}}, {'id': 'POJ/71/1289.txt', 'distance': 0.6726340651512146, 'entity': {}}, {'id': 'POJ/55/714.txt', 'distance': 0.6534303426742554, 'entity': {}}, {'id': 'POJ/39/1070.txt', 'distance': 0.6503088474273682, 'entity': {}}, {'id': 'POJ/48/647.txt', 'distance': 0.6497073173522949, 'entity': {}}, {'id': 'POJ/71/2239.txt', 'distance': 0.6487916707992554, 'entity': {}}, {'id': 'POJ/71/1506.txt', 'distance': 0.6416394710540771, 'entity': {}}, {'id': 'POJ/71/81.txt', 'distance': 0.6360202431678772, 'entity': {}}, {'id': 'POJ/85/2004.txt', 'distance': 0.6315116882324219, 'entity': {}}, {'id': 'POJ/4/1680.txt', 'distance': 0.6285871863365173, 'entity': {}}]"
 
file: ,POJ/98/2966.txt
results: ,"[{'id': 'POJ/64/3184.txt', 'distance': 1.0, 'entity': {}}, {'id': 'POJ/39/2024.txt', 'distance': 1.0, 'entity': {}}, {'id': 'POJ/59/1146.txt', 'distance': 0.9999998807907104, 'entity': {}}, {'id': 'POJ/80/946.txt', 'distance': 0.9999998807907104, 'entity': {}}, {'id': 'POJ/98/2966.txt', 'distance': 0.9999998807907104, 'entity': {}}, {'id': 'POJ/18/933.txt', 'distance': 0.9999998807907104, 'entity': {}}, {'id': 'POJ/32/1124.txt', 'distance': 0.9740272760391235, 'entity': {}}, {'id': 'POJ/69/931.txt', 'distance': 0.9740272760391235, 'entity': {}}, {'id': 'POJ/18/2008.txt', 'distance': 0.9740272760391235, 'entity': {}}, {'id': 'POJ/27/2098.txt', 'distance': 0.9740272760391235, 'entity': {}}]"
 
file: ,POJ/39/1572.txt
results: ,"[{'id': 'POJ/80/485.txt', 'distance': 1.000000238418579, 'entity': {}}, {'id': 'POJ/59/628.txt', 'distance': 1.000000238418579, 'entity': {}}, {'id': 'POJ/103/194.txt', 'distance': 1.000000238418579, 'entity': {}}, {'id': 'POJ/92/358.txt', 'distance': 1.000000238418579, 'entity': {}}, {'id': 'POJ/19/1881.txt', 'distance': 1.000000238418579, 'entity': {}}, {'id': 'POJ/18/1004.txt', 'distance': 1.000000238418579, 'entity': {}}, {'id': 'POJ/48/1139.txt', 'distance': 0.9999994039535522, 'entity': {}}, {'id': 'POJ/39/1572.txt', 'distance': 0.9999994039535522, 'entity': {}}, {'id': 'POJ/1/400.txt', 'distance': 0.97043377161026, 'entity': {}}, {'id': 'POJ/27/356.txt', 'distance': 0.97043377161026, 'entity': {}}]"
 
file: ,POJ/39/224.txt
results: ,"[{'id': 'POJ/92/134.txt', 'distance': 1.000000238418579, 'entity': {}}, {'id': 'POJ/18/1563.txt', 'distance': 1.000000238418579, 'entity': {}}, {'id': 'POJ/92/699.txt', 'distance': 1.000000238418579, 'entity': {}}, {'id': 'POJ/92/1504.txt', 'distance': 1.000000238418579, 'entity': {}}, {'id': 'POJ/66/1292.txt', 'distance': 1.000000238418579, 'entity': {}}, {'id': 'POJ/48/206.txt', 'distance': 1.0, 'entity': {}}, {'id': 'POJ/41/1081.txt', 'distance': 1.0, 'entity': {}}, {'id': 'POJ/39/224.txt', 'distance': 1.0, 'entity': {}}, {'id': 'POJ/69/1064.txt', 'distance': 0.9467839002609253, 'entity': {}}, {'id': 'POJ/83/2075.txt', 'distance': 0.8855842351913452, 'entity': {}}]"
 
file: ,POJ/39/486.txt
results: ,"[{'id': 'POJ/8/992.txt', 'distance': 0.9999997019767761, 'entity': {}}, {'id': 'POJ/73/962.txt', 'distance': 0.9999997019767761, 'entity': {}}, {'id': 'POJ/51/1002.txt', 'distance': 0.9999997019767761, 'entity': {}}, {'id': 'POJ/69/1144.txt', 'distance': 0.9999997019767761, 'entity': {}}, {'id': 'POJ/69/1009.txt', 'distance': 0.9999997019767761, 'entity': {}}, {'id': 'POJ/19/1027.txt', 'distance': 0.9999997019767761, 'entity': {}}, {'id': 'POJ/104/607.txt', 'distance': 0.9999997019767761, 'entity': {}}, {'id': 'POJ/92/490.txt', 'distance': 0.9999997019767761, 'entity': {}}, {'id': 'POJ/8/76.txt', 'distance': 0.9999997019767761, 'entity': {}}, {'id': 'POJ/92/671.txt', 'distance': 0.9999997019767761, 'entity': {}}]"
 
file: ,POJ/39/1852.txt
results: ,"[{'id': 'POJ/8/992.txt', 'distance': 0.9999997019767761, 'entity': {}}, {'id': 'POJ/73/962.txt', 'distance': 0.9999997019767761, 'entity': {}}, {'id': 'POJ/51/1002.txt', 'distance': 0.9999997019767761, 'entity': {}}, {'id': 'POJ/69/1144.txt', 'distance': 0.9999997019767761, 'entity': {}}, {'id': 'POJ/69/1009.txt', 'distance': 0.9999997019767761, 'entity': {}}, {'id': 'POJ/19/1027.txt', 'distance': 0.9999997019767761, 'entity': {}}, {'id': 'POJ/104/607.txt', 'distance': 0.9999997019767761, 'entity': {}}, {'id': 'POJ/92/490.txt', 'distance': 0.9999997019767761, 'entity': {}}, {'id': 'POJ/8/76.txt', 'distance': 0.9999997019767761, 'entity': {}}, {'id': 'POJ/92/671.txt', 'distance': 0.9999997019767761, 'entity': {}}]"
 
file: ,POJ/55/1133.txt
results: ,"[{'id': 'POJ/18/2008.txt', 'distance': 1.0000003576278687, 'entity': {}}, {'id': 'POJ/27/2098.txt', 'distance': 1.0000003576278687, 'entity': {}}, {'id': 'POJ/32/1124.txt', 'distance': 1.0000003576278687, 'entity': {}}, {'id': 'POJ/69/931.txt', 'distance': 1.0000003576278687, 'entity': {}}, {'id': 'POJ/4/1780.txt', 'distance': 1.000000238418579, 'entity': {}}, {'id': 'POJ/55/1133.txt', 'distance': 1.000000238418579, 'entity': {}}, {'id': 'POJ/80/946.txt', 'distance': 0.9740276336669922, 'entity': {}}, {'id': 'POJ/98/2966.txt', 'distance': 0.9740276336669922, 'entity': {}}, {'id': 'POJ/59/1146.txt', 'distance': 0.9740276336669922, 'entity': {}}, {'id': 'POJ/18/933.txt', 'distance': 0.9740276336669922, 'entity': {}}]"
 
file: ,POJ/55/423.txt
results: ,"[{'id': 'POJ/18/1046.txt', 'distance': 1.0, 'entity': {}}, {'id': 'POJ/18/39.txt', 'distance': 1.0, 'entity': {}}, {'id': 'POJ/18/1411.txt', 'distance': 1.0, 'entity': {}}, {'id': 'POJ/46/2298.txt', 'distance': 0.9999998211860657, 'entity': {}}, {'id': 'POJ/55/423.txt', 'distance': 0.9999998211860657, 'entity': {}}, {'id': 'POJ/92/134.txt', 'distance': 0.8344120979309082, 'entity': {}}, {'id': 'POJ/18/1563.txt', 'distance': 0.8344120979309082, 'entity': {}}, {'id': 'POJ/66/1292.txt', 'distance': 0.8344120979309082, 'entity': {}}, {'id': 'POJ/92/1504.txt', 'distance': 0.8344120979309082, 'entity': {}}, {'id': 'POJ/92/699.txt', 'distance': 0.8344120979309082, 'entity': {}}]"
 
file: ,POJ/63/342.txt
results: ,"[{'id': 'POJ/68/848.txt', 'distance': 1.0000001192092896, 'entity': {}}, {'id': 'POJ/75/836.txt', 'distance': 1.0000001192092896, 'entity': {}}, {'id': 'POJ/64/1832.txt', 'distance': 0.9999999403953552, 'entity': {}}, {'id': 'POJ/63/342.txt', 'distance': 0.9999999403953552, 'entity': {}}, {'id': 'POJ/31/1318.txt', 'distance': 0.9814602136611938, 'entity': {}}, {'id': 'POJ/18/1402.txt', 'distance': 0.9814602136611938, 'entity': {}}, {'id': 'POJ/9/1507.txt', 'distance': 0.9814602136611938, 'entity': {}}, {'id': 'POJ/64/1851.txt', 'distance': 0.9814599752426147, 'entity': {}}, {'id': 'POJ/66/587.txt', 'distance': 0.9690679311752319, 'entity': {}}, {'id': 'POJ/78/637.txt', 'distance': 0.9523617625236511, 'entity': {}}]"
 
file: ,POJ/63/768.txt
results: ,"[{'id': 'POJ/11/217.txt', 'distance': 0.9999997019767761, 'entity': {}}, {'id': 'POJ/92/82.txt', 'distance': 0.9999997019767761, 'entity': {}}, {'id': 'POJ/18/369.txt', 'distance': 0.9999997019767761, 'entity': {}}, {'id': 'POJ/69/903.txt', 'distance': 0.9999997019767761, 'entity': {}}, {'id': 'POJ/63/768.txt', 'distance': 0.9999995231628418, 'entity': {}}, {'id': 'POJ/18/1598.txt', 'distance': 0.9909647703170776, 'entity': {}}, {'id': 'POJ/104/1601.txt', 'distance': 0.9909647703170776, 'entity': {}}, {'id': 'POJ/18/884.txt', 'distance': 0.9909647703170776, 'entity': {}}, {'id': 'POJ/51/614.txt', 'distance': 0.9909647703170776, 'entity': {}}, {'id': 'POJ/48/241.txt', 'distance': 0.990964412689209, 'entity': {}}]"
 
file: ,POJ/64/1326.txt
results: ,"[{'id': 'POJ/2/842.txt', 'distance': 0.9999997019767761, 'entity': {}}, {'id': 'POJ/2/868.txt', 'distance': 0.9999997019767761, 'entity': {}}, {'id': 'POJ/59/1682.txt', 'distance': 0.9999997019767761, 'entity': {}}, {'id': 'POJ/51/678.txt', 'distance': 0.9999997019767761, 'entity': {}}, {'id': 'POJ/59/1040.txt', 'distance': 0.9999997019767761, 'entity': {}}, {'id': 'POJ/71/1197.txt', 'distance': 0.9999997019767761, 'entity': {}}, {'id': 'POJ/83/4356.txt', 'distance': 0.9999997019767761, 'entity': {}}, {'id': 'POJ/41/982.txt', 'distance': 0.9999997019767761, 'entity': {}}, {'id': 'POJ/46/3064.txt', 'distance': 0.9999997019767761, 'entity': {}}, {'id': 'POJ/64/1944.txt', 'distance': 0.9999997019767761, 'entity': {}}]"
 
file: ,POJ/64/1144.txt
results: ,"[{'id': 'POJ/8/340.txt', 'distance': 0.9999998211860657, 'entity': {}}, {'id': 'POJ/64/1144.txt', 'distance': 0.9999995827674866, 'entity': {}}, {'id': 'POJ/79/3636.txt', 'distance': 0.9733227491378784, 'entity': {}}, {'id': 'POJ/59/1146.txt', 'distance': 0.9492530822753906, 'entity': {}}, {'id': 'POJ/80/946.txt', 'distance': 0.9492530822753906, 'entity': {}}, {'id': 'POJ/98/2966.txt', 'distance': 0.9492530822753906, 'entity': {}}, {'id': 'POJ/18/933.txt', 'distance': 0.9492530822753906, 'entity': {}}, {'id': 'POJ/64/3184.txt', 'distance': 0.9492529630661011, 'entity': {}}, {'id': 'POJ/39/2024.txt', 'distance': 0.9492529630661011, 'entity': {}}, {'id': 'POJ/4/1780.txt', 'distance': 0.938681960105896, 'entity': {}}]"
 
file: ,POJ/64/3195.txt
results: ,"[{'id': 'POJ/2/842.txt', 'distance': 0.9999997019767761, 'entity': {}}, {'id': 'POJ/2/868.txt', 'distance': 0.9999997019767761, 'entity': {}}, {'id': 'POJ/59/1682.txt', 'distance': 0.9999997019767761, 'entity': {}}, {'id': 'POJ/51/678.txt', 'distance': 0.9999997019767761, 'entity': {}}, {'id': 'POJ/59/1040.txt', 'distance': 0.9999997019767761, 'entity': {}}, {'id': 'POJ/71/1197.txt', 'distance': 0.9999997019767761, 'entity': {}}, {'id': 'POJ/83/4356.txt', 'distance': 0.9999997019767761, 'entity': {}}, {'id': 'POJ/41/982.txt', 'distance': 0.9999997019767761, 'entity': {}}, {'id': 'POJ/46/3064.txt', 'distance': 0.9999997019767761, 'entity': {}}, {'id': 'POJ/64/1944.txt', 'distance': 0.9999997019767761, 'entity': {}}]"
 
file: ,POJ/64/1147.txt
results: ,"[{'id': 'POJ/8/992.txt', 'distance': 0.9999997019767761, 'entity': {}}, {'id': 'POJ/73/962.txt', 'distance': 0.9999997019767761, 'entity': {}}, {'id': 'POJ/51/1002.txt', 'distance': 0.9999997019767761, 'entity': {}}, {'id': 'POJ/69/1144.txt', 'distance': 0.9999997019767761, 'entity': {}}, {'id': 'POJ/69/1009.txt', 'distance': 0.9999997019767761, 'entity': {}}, {'id': 'POJ/19/1027.txt', 'distance': 0.9999997019767761, 'entity': {}}, {'id': 'POJ/104/607.txt', 'distance': 0.9999997019767761, 'entity': {}}, {'id': 'POJ/92/490.txt', 'distance': 0.9999997019767761, 'entity': {}}, {'id': 'POJ/8/76.txt', 'distance': 0.9999997019767761, 'entity': {}}, {'id': 'POJ/92/671.txt', 'distance': 0.9999997019767761, 'entity': {}}]"
 
file: ,POJ/64/2932.txt
results: ,"[{'id': 'POJ/2/842.txt', 'distance': 0.9999997019767761, 'entity': {}}, {'id': 'POJ/2/868.txt', 'distance': 0.9999997019767761, 'entity': {}}, {'id': 'POJ/59/1682.txt', 'distance': 0.9999997019767761, 'entity': {}}, {'id': 'POJ/51/678.txt', 'distance': 0.9999997019767761, 'entity': {}}, {'id': 'POJ/59/1040.txt', 'distance': 0.9999997019767761, 'entity': {}}, {'id': 'POJ/71/1197.txt', 'distance': 0.9999997019767761, 'entity': {}}, {'id': 'POJ/83/4356.txt', 'distance': 0.9999997019767761, 'entity': {}}, {'id': 'POJ/41/982.txt', 'distance': 0.9999997019767761, 'entity': {}}, {'id': 'POJ/46/3064.txt', 'distance': 0.9999997019767761, 'entity': {}}, {'id': 'POJ/64/1944.txt', 'distance': 0.9999997019767761, 'entity': {}}]"
 
file: ,POJ/64/3150.txt
results: ,"[{'id': 'POJ/8/992.txt', 'distance': 0.9999997019767761, 'entity': {}}, {'id': 'POJ/73/962.txt', 'distance': 0.9999997019767761, 'entity': {}}, {'id': 'POJ/51/1002.txt', 'distance': 0.9999997019767761, 'entity': {}}, {'id': 'POJ/69/1144.txt', 'distance': 0.9999997019767761, 'entity': {}}, {'id': 'POJ/69/1009.txt', 'distance': 0.9999997019767761, 'entity': {}}, {'id': 'POJ/19/1027.txt', 'distance': 0.9999997019767761, 'entity': {}}, {'id': 'POJ/104/607.txt', 'distance': 0.9999997019767761, 'entity': {}}, {'id': 'POJ/92/490.txt', 'distance': 0.9999997019767761, 'entity': {}}, {'id': 'POJ/8/76.txt', 'distance': 0.9999997019767761, 'entity': {}}, {'id': 'POJ/92/671.txt', 'distance': 0.9999997019767761, 'entity': {}}]"
 
file: ,POJ/64/1832.txt
results: ,"[{'id': 'POJ/68/848.txt', 'distance': 1.0000001192092896, 'entity': {}}, {'id': 'POJ/75/836.txt', 'distance': 1.0000001192092896, 'entity': {}}, {'id': 'POJ/64/1832.txt', 'distance': 0.9999999403953552, 'entity': {}}, {'id': 'POJ/63/342.txt', 'distance': 0.9999999403953552, 'entity': {}}, {'id': 'POJ/31/1318.txt', 'distance': 0.9814602136611938, 'entity': {}}, {'id': 'POJ/18/1402.txt', 'distance': 0.9814602136611938, 'entity': {}}, {'id': 'POJ/9/1507.txt', 'distance': 0.9814602136611938, 'entity': {}}, {'id': 'POJ/64/1851.txt', 'distance': 0.9814599752426147, 'entity': {}}, {'id': 'POJ/66/587.txt', 'distance': 0.9690679311752319, 'entity': {}}, {'id': 'POJ/78/637.txt', 'distance': 0.9523617625236511, 'entity': {}}]"
 
file: ,POJ/64/1413.txt
results: ,"[{'id': 'POJ/18/931.txt', 'distance': 0.9999997615814209, 'entity': {}}, {'id': 'POJ/64/1413.txt', 'distance': 0.9999997019767761, 'entity': {}}, {'id': 'POJ/41/1018.txt', 'distance': 0.9879337549209595, 'entity': {}}, {'id': 'POJ/12/1284.txt', 'distance': 0.9735090136528015, 'entity': {}}, {'id': 'POJ/18/1653.txt', 'distance': 0.9687530994415283, 'entity': {}}, {'id': 'POJ/66/637.txt', 'distance': 0.9687530994415283, 'entity': {}}, {'id': 'POJ/79/1822.txt', 'distance': 0.9687523245811462, 'entity': {}}, {'id': 'POJ/32/2352.txt', 'distance': 0.9653557538986206, 'entity': {}}, {'id': 'POJ/92/1111.txt', 'distance': 0.9653557538986206, 'entity': {}}, {'id': 'POJ/2/1256.txt', 'distance': 0.965355634689331, 'entity': {}}]"
 
file: ,POJ/64/1808.txt
results: ,"[{'id': 'POJ/59/208.txt', 'distance': 1.0000001192092896, 'entity': {}}, {'id': 'POJ/31/1440.txt', 'distance': 1.0000001192092896, 'entity': {}}, {'id': 'POJ/102/11.txt', 'distance': 1.0000001192092896, 'entity': {}}, {'id': 'POJ/18/2003.txt', 'distance': 1.0000001192092896, 'entity': {}}, {'id': 'POJ/18/995.txt', 'distance': 1.0000001192092896, 'entity': {}}, {'id': 'POJ/15/1429.txt', 'distance': 0.9999998807907104, 'entity': {}}, {'id': 'POJ/4/408.txt', 'distance': 0.9999998807907104, 'entity': {}}, {'id': 'POJ/48/224.txt', 'distance': 0.9999998807907104, 'entity': {}}, {'id': 'POJ/48/1012.txt', 'distance': 0.9999998807907104, 'entity': {}}, {'id': 'POJ/46/1579.txt', 'distance': 0.9999998807907104, 'entity': {}}]"
 
file: ,POJ/64/718.txt
results: ,"[{'id': 'POJ/8/992.txt', 'distance': 0.9999997019767761, 'entity': {}}, {'id': 'POJ/73/962.txt', 'distance': 0.9999997019767761, 'entity': {}}, {'id': 'POJ/51/1002.txt', 'distance': 0.9999997019767761, 'entity': {}}, {'id': 'POJ/69/1144.txt', 'distance': 0.9999997019767761, 'entity': {}}, {'id': 'POJ/69/1009.txt', 'distance': 0.9999997019767761, 'entity': {}}, {'id': 'POJ/19/1027.txt', 'distance': 0.9999997019767761, 'entity': {}}, {'id': 'POJ/104/607.txt', 'distance': 0.9999997019767761, 'entity': {}}, {'id': 'POJ/92/490.txt', 'distance': 0.9999997019767761, 'entity': {}}, {'id': 'POJ/8/76.txt', 'distance': 0.9999997019767761, 'entity': {}}, {'id': 'POJ/92/671.txt', 'distance': 0.9999997019767761, 'entity': {}}]"
 
file: ,POJ/64/1851.txt
results: ,"[{'id': 'POJ/9/1507.txt', 'distance': 0.9999997019767761, 'entity': {}}, {'id': 'POJ/18/1402.txt', 'distance': 0.9999997019767761, 'entity': {}}, {'id': 'POJ/31/1318.txt', 'distance': 0.9999997019767761, 'entity': {}}, {'id': 'POJ/64/1851.txt', 'distance': 0.9999991059303284, 'entity': {}}, {'id': 'POJ/64/1832.txt', 'distance': 0.9814599752426147, 'entity': {}}, {'id': 'POJ/63/342.txt', 'distance': 0.9814599752426147, 'entity': {}}, {'id': 'POJ/75/836.txt', 'distance': 0.9814597964286804, 'entity': {}}, {'id': 'POJ/68/848.txt', 'distance': 0.9814597964286804, 'entity': {}}, {'id': 'POJ/78/637.txt', 'distance': 0.9717890620231628, 'entity': {}}, {'id': 'POJ/64/2383.txt', 'distance': 0.9717890620231628, 'entity': {}}]"
 
file: ,POJ/64/1261.txt
results: ,"[{'id': 'POJ/8/992.txt', 'distance': 0.9999997019767761, 'entity': {}}, {'id': 'POJ/73/962.txt', 'distance': 0.9999997019767761, 'entity': {}}, {'id': 'POJ/51/1002.txt', 'distance': 0.9999997019767761, 'entity': {}}, {'id': 'POJ/69/1144.txt', 'distance': 0.9999997019767761, 'entity': {}}, {'id': 'POJ/69/1009.txt', 'distance': 0.9999997019767761, 'entity': {}}, {'id': 'POJ/19/1027.txt', 'distance': 0.9999997019767761, 'entity': {}}, {'id': 'POJ/104/607.txt', 'distance': 0.9999997019767761, 'entity': {}}, {'id': 'POJ/92/490.txt', 'distance': 0.9999997019767761, 'entity': {}}, {'id': 'POJ/8/76.txt', 'distance': 0.9999997019767761, 'entity': {}}, {'id': 'POJ/92/671.txt', 'distance': 0.9999997019767761, 'entity': {}}]"
 
file: ,POJ/46/1579.txt
results: ,"[{'id': 'POJ/59/208.txt', 'distance': 1.0000001192092896, 'entity': {}}, {'id': 'POJ/31/1440.txt', 'distance': 1.0000001192092896, 'entity': {}}, {'id': 'POJ/102/11.txt', 'distance': 1.0000001192092896, 'entity': {}}, {'id': 'POJ/18/2003.txt', 'distance': 1.0000001192092896, 'entity': {}}, {'id': 'POJ/18/995.txt', 'distance': 1.0000001192092896, 'entity': {}}, {'id': 'POJ/15/1429.txt', 'distance': 0.9999998807907104, 'entity': {}}, {'id': 'POJ/4/408.txt', 'distance': 0.9999998807907104, 'entity': {}}, {'id': 'POJ/48/224.txt', 'distance': 0.9999998807907104, 'entity': {}}, {'id': 'POJ/48/1012.txt', 'distance': 0.9999998807907104, 'entity': {}}, {'id': 'POJ/46/1579.txt', 'distance': 0.9999998807907104, 'entity': {}}]"
 
file: ,POJ/46/2298.txt
results: ,"[{'id': 'POJ/18/1046.txt', 'distance': 1.0, 'entity': {}}, {'id': 'POJ/18/39.txt', 'distance': 1.0, 'entity': {}}, {'id': 'POJ/18/1411.txt', 'distance': 1.0, 'entity': {}}, {'id': 'POJ/46/2298.txt', 'distance': 0.9999998211860657, 'entity': {}}, {'id': 'POJ/55/423.txt', 'distance': 0.9999998211860657, 'entity': {}}, {'id': 'POJ/92/134.txt', 'distance': 0.8344120979309082, 'entity': {}}, {'id': 'POJ/18/1563.txt', 'distance': 0.8344120979309082, 'entity': {}}, {'id': 'POJ/66/1292.txt', 'distance': 0.8344120979309082, 'entity': {}}, {'id': 'POJ/92/1504.txt', 'distance': 0.8344120979309082, 'entity': {}}, {'id': 'POJ/92/699.txt', 'distance': 0.8344120979309082, 'entity': {}}]"
 
file: ,POJ/41/1081.txt
results: ,"[{'id': 'POJ/92/134.txt', 'distance': 1.000000238418579, 'entity': {}}, {'id': 'POJ/18/1563.txt', 'distance': 1.000000238418579, 'entity': {}}, {'id': 'POJ/92/699.txt', 'distance': 1.000000238418579, 'entity': {}}, {'id': 'POJ/92/1504.txt', 'distance': 1.000000238418579, 'entity': {}}, {'id': 'POJ/66/1292.txt', 'distance': 1.000000238418579, 'entity': {}}, {'id': 'POJ/48/206.txt', 'distance': 1.0, 'entity': {}}, {'id': 'POJ/41/1081.txt', 'distance': 1.0, 'entity': {}}, {'id': 'POJ/39/224.txt', 'distance': 1.0, 'entity': {}}, {'id': 'POJ/69/1064.txt', 'distance': 0.9467839002609253, 'entity': {}}, {'id': 'POJ/83/2075.txt', 'distance': 0.8855842351913452, 'entity': {}}]"
 
file: ,POJ/41/272.txt
results: ,"[{'id': 'POJ/69/1348.txt', 'distance': 0.9999995827674866, 'entity': {}}, {'id': 'POJ/41/272.txt', 'distance': 0.9999989867210388, 'entity': {}}, {'id': 'POJ/48/585.txt', 'distance': 0.9878849983215332, 'entity': {}}, {'id': 'POJ/79/1822.txt', 'distance': 0.9787054657936096, 'entity': {}}, {'id': 'POJ/18/1653.txt', 'distance': 0.9787052273750305, 'entity': {}}, {'id': 'POJ/66/637.txt', 'distance': 0.9787052273750305, 'entity': {}}, {'id': 'POJ/63/1627.txt', 'distance': 0.9775668978691101, 'entity': {}}, {'id': 'POJ/41/854.txt', 'distance': 0.9743719100952148, 'entity': {}}, {'id': 'POJ/2/1256.txt', 'distance': 0.9650260210037231, 'entity': {}}, {'id': 'POJ/32/2352.txt', 'distance': 0.9650260210037231, 'entity': {}}]"
 
file: ,POJ/41/1204.txt
results: ,"[{'id': 'POJ/19/2385.txt', 'distance': 0.9999999403953552, 'entity': {}}, {'id': 'POJ/96/803.txt', 'distance': 0.9999999403953552, 'entity': {}}, {'id': 'POJ/42/193.txt', 'distance': 0.9999999403953552, 'entity': {}}, {'id': 'POJ/83/1027.txt', 'distance': 0.9999996423721313, 'entity': {}}, {'id': 'POJ/41/1204.txt', 'distance': 0.9999996423721313, 'entity': {}}, {'id': 'POJ/80/884.txt', 'distance': 0.9847870469093323, 'entity': {}}, {'id': 'POJ/59/635.txt', 'distance': 0.983955979347229, 'entity': {}}, {'id': 'POJ/18/956.txt', 'distance': 0.983955979347229, 'entity': {}}, {'id': 'POJ/48/149.txt', 'distance': 0.9839556217193604, 'entity': {}}, {'id': 'POJ/48/1057.txt', 'distance': 0.9839556217193604, 'entity': {}}]"
 
file: ,POJ/83/2982.txt
results: ,"[{'id': 'POJ/8/992.txt', 'distance': 0.9999997019767761, 'entity': {}}, {'id': 'POJ/73/962.txt', 'distance': 0.9999997019767761, 'entity': {}}, {'id': 'POJ/51/1002.txt', 'distance': 0.9999997019767761, 'entity': {}}, {'id': 'POJ/69/1144.txt', 'distance': 0.9999997019767761, 'entity': {}}, {'id': 'POJ/69/1009.txt', 'distance': 0.9999997019767761, 'entity': {}}, {'id': 'POJ/19/1027.txt', 'distance': 0.9999997019767761, 'entity': {}}, {'id': 'POJ/104/607.txt', 'distance': 0.9999997019767761, 'entity': {}}, {'id': 'POJ/92/490.txt', 'distance': 0.9999997019767761, 'entity': {}}, {'id': 'POJ/8/76.txt', 'distance': 0.9999997019767761, 'entity': {}}, {'id': 'POJ/92/671.txt', 'distance': 0.9999997019767761, 'entity': {}}]"
 
file: ,POJ/83/2075.txt
results: ,"[{'id': 'POJ/8/992.txt', 'distance': 0.9999997019767761, 'entity': {}}, {'id': 'POJ/73/962.txt', 'distance': 0.9999997019767761, 'entity': {}}, {'id': 'POJ/51/1002.txt', 'distance': 0.9999997019767761, 'entity': {}}, {'id': 'POJ/69/1144.txt', 'distance': 0.9999997019767761, 'entity': {}}, {'id': 'POJ/69/1009.txt', 'distance': 0.9999997019767761, 'entity': {}}, {'id': 'POJ/19/1027.txt', 'distance': 0.9999997019767761, 'entity': {}}, {'id': 'POJ/104/607.txt', 'distance': 0.9999997019767761, 'entity': {}}, {'id': 'POJ/92/490.txt', 'distance': 0.9999997019767761, 'entity': {}}, {'id': 'POJ/8/76.txt', 'distance': 0.9999997019767761, 'entity': {}}, {'id': 'POJ/92/671.txt', 'distance': 0.9999997019767761, 'entity': {}}]"
 
file: ,POJ/83/1027.txt
results: ,"[{'id': 'POJ/19/2385.txt', 'distance': 0.9999999403953552, 'entity': {}}, {'id': 'POJ/96/803.txt', 'distance': 0.9999999403953552, 'entity': {}}, {'id': 'POJ/42/193.txt', 'distance': 0.9999999403953552, 'entity': {}}, {'id': 'POJ/83/1027.txt', 'distance': 0.9999996423721313, 'entity': {}}, {'id': 'POJ/41/1204.txt', 'distance': 0.9999996423721313, 'entity': {}}, {'id': 'POJ/80/884.txt', 'distance': 0.9847870469093323, 'entity': {}}, {'id': 'POJ/59/635.txt', 'distance': 0.983955979347229, 'entity': {}}, {'id': 'POJ/18/956.txt', 'distance': 0.983955979347229, 'entity': {}}, {'id': 'POJ/48/149.txt', 'distance': 0.9839556217193604, 'entity': {}}, {'id': 'POJ/48/1057.txt', 'distance': 0.9839556217193604, 'entity': {}}]"
 
file: ,POJ/48/507.txt
results: ,"[{'id': 'POJ/8/992.txt', 'distance': 0.9999997019767761, 'entity': {}}, {'id': 'POJ/73/962.txt', 'distance': 0.9999997019767761, 'entity': {}}, {'id': 'POJ/51/1002.txt', 'distance': 0.9999997019767761, 'entity': {}}, {'id': 'POJ/69/1144.txt', 'distance': 0.9999997019767761, 'entity': {}}, {'id': 'POJ/69/1009.txt', 'distance': 0.9999997019767761, 'entity': {}}, {'id': 'POJ/19/1027.txt', 'distance': 0.9999997019767761, 'entity': {}}, {'id': 'POJ/104/607.txt', 'distance': 0.9999997019767761, 'entity': {}}, {'id': 'POJ/92/490.txt', 'distance': 0.9999997019767761, 'entity': {}}, {'id': 'POJ/8/76.txt', 'distance': 0.9999997019767761, 'entity': {}}, {'id': 'POJ/92/671.txt', 'distance': 0.9999997019767761, 'entity': {}}]"
 
file: ,POJ/48/206.txt
results: ,"[{'id': 'POJ/92/134.txt', 'distance': 1.000000238418579, 'entity': {}}, {'id': 'POJ/18/1563.txt', 'distance': 1.000000238418579, 'entity': {}}, {'id': 'POJ/92/699.txt', 'distance': 1.000000238418579, 'entity': {}}, {'id': 'POJ/92/1504.txt', 'distance': 1.000000238418579, 'entity': {}}, {'id': 'POJ/66/1292.txt', 'distance': 1.000000238418579, 'entity': {}}, {'id': 'POJ/48/206.txt', 'distance': 1.0, 'entity': {}}, {'id': 'POJ/41/1081.txt', 'distance': 1.0, 'entity': {}}, {'id': 'POJ/39/224.txt', 'distance': 1.0, 'entity': {}}, {'id': 'POJ/69/1064.txt', 'distance': 0.9467839002609253, 'entity': {}}, {'id': 'POJ/83/2075.txt', 'distance': 0.8855842351913452, 'entity': {}}]"
 
file: ,POJ/48/977.txt
results: ,"[{'id': 'POJ/8/992.txt', 'distance': 0.9999997019767761, 'entity': {}}, {'id': 'POJ/73/962.txt', 'distance': 0.9999997019767761, 'entity': {}}, {'id': 'POJ/51/1002.txt', 'distance': 0.9999997019767761, 'entity': {}}, {'id': 'POJ/69/1144.txt', 'distance': 0.9999997019767761, 'entity': {}}, {'id': 'POJ/69/1009.txt', 'distance': 0.9999997019767761, 'entity': {}}, {'id': 'POJ/19/1027.txt', 'distance': 0.9999997019767761, 'entity': {}}, {'id': 'POJ/104/607.txt', 'distance': 0.9999997019767761, 'entity': {}}, {'id': 'POJ/92/490.txt', 'distance': 0.9999997019767761, 'entity': {}}, {'id': 'POJ/8/76.txt', 'distance': 0.9999997019767761, 'entity': {}}, {'id': 'POJ/92/671.txt', 'distance': 0.9999997019767761, 'entity': {}}]"
 
file: ,POJ/48/1012.txt
results: ,"[{'id': 'POJ/59/208.txt', 'distance': 1.0000001192092896, 'entity': {}}, {'id': 'POJ/31/1440.txt', 'distance': 1.0000001192092896, 'entity': {}}, {'id': 'POJ/102/11.txt', 'distance': 1.0000001192092896, 'entity': {}}, {'id': 'POJ/18/2003.txt', 'distance': 1.0000001192092896, 'entity': {}}, {'id': 'POJ/18/995.txt', 'distance': 1.0000001192092896, 'entity': {}}, {'id': 'POJ/15/1429.txt', 'distance': 0.9999998807907104, 'entity': {}}, {'id': 'POJ/4/408.txt', 'distance': 0.9999998807907104, 'entity': {}}, {'id': 'POJ/48/224.txt', 'distance': 0.9999998807907104, 'entity': {}}, {'id': 'POJ/48/1012.txt', 'distance': 0.9999998807907104, 'entity': {}}, {'id': 'POJ/46/1579.txt', 'distance': 0.9999998807907104, 'entity': {}}]"
 
file: ,POJ/48/224.txt
results: ,"[{'id': 'POJ/59/208.txt', 'distance': 1.0000001192092896, 'entity': {}}, {'id': 'POJ/31/1440.txt', 'distance': 1.0000001192092896, 'entity': {}}, {'id': 'POJ/102/11.txt', 'distance': 1.0000001192092896, 'entity': {}}, {'id': 'POJ/18/2003.txt', 'distance': 1.0000001192092896, 'entity': {}}, {'id': 'POJ/18/995.txt', 'distance': 1.0000001192092896, 'entity': {}}, {'id': 'POJ/15/1429.txt', 'distance': 0.9999998807907104, 'entity': {}}, {'id': 'POJ/4/408.txt', 'distance': 0.9999998807907104, 'entity': {}}, {'id': 'POJ/48/224.txt', 'distance': 0.9999998807907104, 'entity': {}}, {'id': 'POJ/48/1012.txt', 'distance': 0.9999998807907104, 'entity': {}}, {'id': 'POJ/46/1579.txt', 'distance': 0.9999998807907104, 'entity': {}}]"
 
file: ,POJ/48/1139.txt
results: ,"[{'id': 'POJ/80/485.txt', 'distance': 1.000000238418579, 'entity': {}}, {'id': 'POJ/59/628.txt', 'distance': 1.000000238418579, 'entity': {}}, {'id': 'POJ/103/194.txt', 'distance': 1.000000238418579, 'entity': {}}, {'id': 'POJ/92/358.txt', 'distance': 1.000000238418579, 'entity': {}}, {'id': 'POJ/19/1881.txt', 'distance': 1.000000238418579, 'entity': {}}, {'id': 'POJ/18/1004.txt', 'distance': 1.000000238418579, 'entity': {}}, {'id': 'POJ/48/1139.txt', 'distance': 0.9999994039535522, 'entity': {}}, {'id': 'POJ/39/1572.txt', 'distance': 0.9999994039535522, 'entity': {}}, {'id': 'POJ/1/400.txt', 'distance': 0.97043377161026, 'entity': {}}, {'id': 'POJ/27/356.txt', 'distance': 0.97043377161026, 'entity': {}}]"
 
file: ,POJ/48/241.txt
results: ,"[{'id': 'POJ/18/1598.txt', 'distance': 1.0, 'entity': {}}, {'id': 'POJ/51/614.txt', 'distance': 1.0, 'entity': {}}, {'id': 'POJ/18/884.txt', 'distance': 1.0, 'entity': {}}, {'id': 'POJ/104/1601.txt', 'distance': 1.0, 'entity': {}}, {'id': 'POJ/48/241.txt', 'distance': 0.9999998807907104, 'entity': {}}, {'id': 'POJ/11/217.txt', 'distance': 0.9909650683403015, 'entity': {}}, {'id': 'POJ/92/82.txt', 'distance': 0.9909650683403015, 'entity': {}}, {'id': 'POJ/18/369.txt', 'distance': 0.9909650683403015, 'entity': {}}, {'id': 'POJ/69/903.txt', 'distance': 0.9909650683403015, 'entity': {}}, {'id': 'POJ/63/768.txt', 'distance': 0.990964412689209, 'entity': {}}]"
 
file: ,POJ/4/1780.txt
results: ,"[{'id': 'POJ/18/2008.txt', 'distance': 1.0000003576278687, 'entity': {}}, {'id': 'POJ/27/2098.txt', 'distance': 1.0000003576278687, 'entity': {}}, {'id': 'POJ/32/1124.txt', 'distance': 1.0000003576278687, 'entity': {}}, {'id': 'POJ/69/931.txt', 'distance': 1.0000003576278687, 'entity': {}}, {'id': 'POJ/4/1780.txt', 'distance': 1.000000238418579, 'entity': {}}, {'id': 'POJ/55/1133.txt', 'distance': 1.000000238418579, 'entity': {}}, {'id': 'POJ/80/946.txt', 'distance': 0.9740276336669922, 'entity': {}}, {'id': 'POJ/98/2966.txt', 'distance': 0.9740276336669922, 'entity': {}}, {'id': 'POJ/59/1146.txt', 'distance': 0.9740276336669922, 'entity': {}}, {'id': 'POJ/18/933.txt', 'distance': 0.9740276336669922, 'entity': {}}]"
 
file: ,POJ/4/408.txt
results: ,"[{'id': 'POJ/59/208.txt', 'distance': 1.0000001192092896, 'entity': {}}, {'id': 'POJ/31/1440.txt', 'distance': 1.0000001192092896, 'entity': {}}, {'id': 'POJ/102/11.txt', 'distance': 1.0000001192092896, 'entity': {}}, {'id': 'POJ/18/2003.txt', 'distance': 1.0000001192092896, 'entity': {}}, {'id': 'POJ/18/995.txt', 'distance': 1.0000001192092896, 'entity': {}}, {'id': 'POJ/15/1429.txt', 'distance': 0.9999998807907104, 'entity': {}}, {'id': 'POJ/4/408.txt', 'distance': 0.9999998807907104, 'entity': {}}, {'id': 'POJ/48/224.txt', 'distance': 0.9999998807907104, 'entity': {}}, {'id': 'POJ/48/1012.txt', 'distance': 0.9999998807907104, 'entity': {}}, {'id': 'POJ/46/1579.txt', 'distance': 0.9999998807907104, 'entity': {}}]"
 
file: ,POJ/15/1429.txt
results: ,"[{'id': 'POJ/59/208.txt', 'distance': 1.0000001192092896, 'entity': {}}, {'id': 'POJ/31/1440.txt', 'distance': 1.0000001192092896, 'entity': {}}, {'id': 'POJ/102/11.txt', 'distance': 1.0000001192092896, 'entity': {}}, {'id': 'POJ/18/2003.txt', 'distance': 1.0000001192092896, 'entity': {}}, {'id': 'POJ/18/995.txt', 'distance': 1.0000001192092896, 'entity': {}}, {'id': 'POJ/15/1429.txt', 'distance': 0.9999998807907104, 'entity': {}}, {'id': 'POJ/4/408.txt', 'distance': 0.9999998807907104, 'entity': {}}, {'id': 'POJ/48/224.txt', 'distance': 0.9999998807907104, 'entity': {}}, {'id': 'POJ/48/1012.txt', 'distance': 0.9999998807907104, 'entity': {}}, {'id': 'POJ/46/1579.txt', 'distance': 0.9999998807907104, 'entity': {}}]"
 
file: ,POJ/71/984.txt
results: ,"[{'id': 'POJ/18/629.txt', 'distance': 0.9999999403953552, 'entity': {}}, {'id': 'POJ/71/984.txt', 'distance': 0.9999993443489075, 'entity': {}}, {'id': 'POJ/79/1822.txt', 'distance': 0.9725183248519897, 'entity': {}}, {'id': 'POJ/18/1653.txt', 'distance': 0.9725179076194763, 'entity': {}}, {'id': 'POJ/66/637.txt', 'distance': 0.9725179076194763, 'entity': {}}, {'id': 'POJ/63/1627.txt', 'distance': 0.9628376364707947, 'entity': {}}, {'id': 'POJ/11/217.txt', 'distance': 0.9614148736000061, 'entity': {}}, {'id': 'POJ/92/82.txt', 'distance': 0.9614148736000061, 'entity': {}}, {'id': 'POJ/18/369.txt', 'distance': 0.9614148736000061, 'entity': {}}, {'id': 'POJ/69/903.txt', 'distance': 0.9614148736000061, 'entity': {}}]"
 
file: ,POJ/49/1378.txt
results: ,"[{'id': 'POJ/59/839.txt', 'distance': 0.9999997615814209, 'entity': {}}, {'id': 'POJ/92/1160.txt', 'distance': 0.9999997615814209, 'entity': {}}, {'id': 'POJ/102/991.txt', 'distance': 0.9999997615814209, 'entity': {}}, {'id': 'POJ/65/521.txt', 'distance': 0.9999997615814209, 'entity': {}}, {'id': 'POJ/27/609.txt', 'distance': 0.9999997615814209, 'entity': {}}, {'id': 'POJ/14/915.txt', 'distance': 0.9999997019767761, 'entity': {}}, {'id': 'POJ/49/1378.txt', 'distance': 0.9999997019767761, 'entity': {}}, {'id': 'POJ/92/1156.txt', 'distance': 0.9613515734672546, 'entity': {}}, {'id': 'POJ/19/3074.txt', 'distance': 0.9613515734672546, 'entity': {}}, {'id': 'POJ/59/1040.txt', 'distance': 0.9613515734672546, 'entity': {}}]"
 
file: ,POJ/78/1818.txt
results: ,"[{'id': 'POJ/8/992.txt', 'distance': 0.9999997019767761, 'entity': {}}, {'id': 'POJ/73/962.txt', 'distance': 0.9999997019767761, 'entity': {}}, {'id': 'POJ/51/1002.txt', 'distance': 0.9999997019767761, 'entity': {}}, {'id': 'POJ/69/1144.txt', 'distance': 0.9999997019767761, 'entity': {}}, {'id': 'POJ/69/1009.txt', 'distance': 0.9999997019767761, 'entity': {}}, {'id': 'POJ/19/1027.txt', 'distance': 0.9999997019767761, 'entity': {}}, {'id': 'POJ/104/607.txt', 'distance': 0.9999997019767761, 'entity': {}}, {'id': 'POJ/92/490.txt', 'distance': 0.9999997019767761, 'entity': {}}, {'id': 'POJ/8/76.txt', 'distance': 0.9999997019767761, 'entity': {}}, {'id': 'POJ/92/671.txt', 'distance': 0.9999997019767761, 'entity': {}}]"
 
file: ,POJ/14/992.txt
results: ,"[{'id': 'POJ/8/992.txt', 'distance': 0.9999997019767761, 'entity': {}}, {'id': 'POJ/73/962.txt', 'distance': 0.9999997019767761, 'entity': {}}, {'id': 'POJ/51/1002.txt', 'distance': 0.9999997019767761, 'entity': {}}, {'id': 'POJ/69/1144.txt', 'distance': 0.9999997019767761, 'entity': {}}, {'id': 'POJ/69/1009.txt', 'distance': 0.9999997019767761, 'entity': {}}, {'id': 'POJ/19/1027.txt', 'distance': 0.9999997019767761, 'entity': {}}, {'id': 'POJ/104/607.txt', 'distance': 0.9999997019767761, 'entity': {}}, {'id': 'POJ/92/490.txt', 'distance': 0.9999997019767761, 'entity': {}}, {'id': 'POJ/8/76.txt', 'distance': 0.9999997019767761, 'entity': {}}, {'id': 'POJ/92/671.txt', 'distance': 0.9999997019767761, 'entity': {}}]"
 
file: ,POJ/14/1173.txt
results: ,"[{'id': 'POJ/8/992.txt', 'distance': 0.9999997019767761, 'entity': {}}, {'id': 'POJ/73/962.txt', 'distance': 0.9999997019767761, 'entity': {}}, {'id': 'POJ/51/1002.txt', 'distance': 0.9999997019767761, 'entity': {}}, {'id': 'POJ/69/1144.txt', 'distance': 0.9999997019767761, 'entity': {}}, {'id': 'POJ/69/1009.txt', 'distance': 0.9999997019767761, 'entity': {}}, {'id': 'POJ/19/1027.txt', 'distance': 0.9999997019767761, 'entity': {}}, {'id': 'POJ/104/607.txt', 'distance': 0.9999997019767761, 'entity': {}}, {'id': 'POJ/92/490.txt', 'distance': 0.9999997019767761, 'entity': {}}, {'id': 'POJ/8/76.txt', 'distance': 0.9999997019767761, 'entity': {}}, {'id': 'POJ/92/671.txt', 'distance': 0.9999997019767761, 'entity': {}}]"
 
file: ,POJ/14/915.txt
results: ,"[{'id': 'POJ/59/839.txt', 'distance': 0.9999997615814209, 'entity': {}}, {'id': 'POJ/92/1160.txt', 'distance': 0.9999997615814209, 'entity': {}}, {'id': 'POJ/102/991.txt', 'distance': 0.9999997615814209, 'entity': {}}, {'id': 'POJ/65/521.txt', 'distance': 0.9999997615814209, 'entity': {}}, {'id': 'POJ/27/609.txt', 'distance': 0.9999997615814209, 'entity': {}}, {'id': 'POJ/14/915.txt', 'distance': 0.9999997019767761, 'entity': {}}, {'id': 'POJ/49/1378.txt', 'distance': 0.9999997019767761, 'entity': {}}, {'id': 'POJ/92/1156.txt', 'distance': 0.9613515734672546, 'entity': {}}, {'id': 'POJ/19/3074.txt', 'distance': 0.9613515734672546, 'entity': {}}, {'id': 'POJ/59/1040.txt', 'distance': 0.9613515734672546, 'entity': {}}]"
 
file: ,POJ/25/784.txt
results: ,"[{'id': 'POJ/27/1228.txt', 'distance': 0.9999999403953552, 'entity': {}}, {'id': 'POJ/25/784.txt', 'distance': 0.9999998807907104, 'entity': {}}, {'id': 'POJ/59/1146.txt', 'distance': 0.9597129821777344, 'entity': {}}, {'id': 'POJ/80/946.txt', 'distance': 0.9597129821777344, 'entity': {}}, {'id': 'POJ/98/2966.txt', 'distance': 0.9597129821777344, 'entity': {}}, {'id': 'POJ/18/933.txt', 'distance': 0.9597129821777344, 'entity': {}}, {'id': 'POJ/64/3184.txt', 'distance': 0.9597126245498657, 'entity': {}}, {'id': 'POJ/39/2024.txt', 'distance': 0.9597126245498657, 'entity': {}}, {'id': 'POJ/4/1780.txt', 'distance': 0.9538216590881348, 'entity': {}}, {'id': 'POJ/55/1133.txt', 'distance': 0.9538216590881348, 'entity': {}}]"
 
file: ,POJ/25/974.txt
results: ,"[{'id': 'POJ/2/842.txt', 'distance': 0.9999997019767761, 'entity': {}}, {'id': 'POJ/2/868.txt', 'distance': 0.9999997019767761, 'entity': {}}, {'id': 'POJ/59/1682.txt', 'distance': 0.9999997019767761, 'entity': {}}, {'id': 'POJ/51/678.txt', 'distance': 0.9999997019767761, 'entity': {}}, {'id': 'POJ/59/1040.txt', 'distance': 0.9999997019767761, 'entity': {}}, {'id': 'POJ/71/1197.txt', 'distance': 0.9999997019767761, 'entity': {}}, {'id': 'POJ/83/4356.txt', 'distance': 0.9999997019767761, 'entity': {}}, {'id': 'POJ/41/982.txt', 'distance': 0.9999997019767761, 'entity': {}}, {'id': 'POJ/46/3064.txt', 'distance': 0.9999997019767761, 'entity': {}}, {'id': 'POJ/64/1944.txt', 'distance': 0.9999997019767761, 'entity': {}}]"
misses:
127
